Date,DE,FR,ES,RO,HU,AT,PL,SK,RS,HR
2024/1/1 0:00,75.15,-16.65,40.73,3100.0,-234.35,-8.19,279.4,-5.0,53.23,0.06
2024/1/1 0:15,78.53,-16.65,40.73,3100.0,38.28,65.89,279.4,-5.0,53.23,0.07
2024/1/1 0:30,83.17,-19.75,40.73,3100.0,38.28,79.29,279.4,-5.0,53.23,0.07
2024/1/1 0:45,75.15,-19.75,40.73,3100.0,-21.19,-9.05,279.4,-5.0,53.23,0.07
2024/1/1 1:00,79.13,-20.99,29.82,2000.0,3.83,45.93,329.14,132.0,32.04,0.01
2024/1/1 1:15,80.89,-20.99,29.82,2000.0,-523.25,47.13,329.14,-5.0,32.04,0.01
2024/1/1 1:30,75.15,-16.03,29.82,2000.0,-389.39,-3.49,329.14,-5.0,32.04,0.01
2024/1/1 1:45,75.15,-16.03,29.82,2000.0,-1273.07,-18.68,329.14,-5.0,32.04,0.01
2024/1/1 2:00,89.45,-17.32,43.91,3100.0,-2138.12,5.41,348.62,-5.0,33.06,0.02
2024/1/1 2:15,88.67,-17.32,43.91,3100.0,-1420.35,-5.66,348.62,-5.0,33.06,0.02
2024/1/1 2:30,85.15,-18.46,43.91,3100.0,-1493.29,-23.96,348.62,-5.0,33.06,0.02
2024/1/1 2:45,75.15,-18.46,43.91,3100.0,-508.31,-21.63,348.62,-5.0,33.06,0.02
2024/1/1 3:00,95.74,30.67,39.35,2000.0,-89.16,3.01,279.4,-5.0,31.35,0.0
2024/1/1 3:15,100.87,30.67,39.35,2000.0,-792.29,-3.39,279.4,-5.0,31.35,0.0
2024/1/1 3:30,75.15,-13.13,39.35,2000.0,-241.94,-6.91,279.4,-5.0,31.35,0.0
2024/1/1 3:45,75.15,-13.13,39.35,2000.0,-2642.17,-56.88,279.4,-5.0,31.35,0.0
2024/1/1 4:00,75.15,0.99,39.17,3100.0,-450.56,-3.37,266.69,-5.0,5.59,0.0
2024/1/1 4:15,2.23,0.99,39.17,3100.0,-1.0,84.34,266.69,-2.99,5.59,0.0
2024/1/1 4:30,1.66,-3.24,39.17,3100.0,-1.0,11.79,266.69,-5.0,5.59,0.0
2024/1/1 4:45,88.52,-3.24,39.17,3100.0,-14.71,0.61,266.69,-5.0,5.59,0.0
2024/1/1 5:00,101.29,-4.84,39.02,2000.0,3.83,80.55,279.4,-5.0,26.55,0.0
2024/1/1 5:15,96.26,-4.84,39.02,2000.0,-1.0,46.57,279.4,-5.0,26.55,0.0
2024/1/1 5:30,102.33,-18.78,39.02,2000.0,-7.07,71.56,279.4,-5.0,26.55,0.0
2024/1/1 5:45,105.58,-18.78,39.02,2000.0,-1.0,58.76,279.4,-5.0,26.55,0.0
2024/1/1 6:00,-11.0,21.24,1.9,3100.0,128283.33,87.44,374.88,-5.0,27.77,0.01
2024/1/1 6:15,113.55,21.24,1.9,622.98,-39.07,42.96,374.88,-5.0,27.77,0.01
2024/1/1 6:30,-55.87,80.99,1.9,471.97,-1955.03,-59.55,374.88,-5.0,27.77,0.01
2024/1/1 6:45,75.15,80.99,1.9,509.73,-2277.1,-48.37,374.88,-5.0,27.77,-70.17
2024/1/1 7:00,75.15,79.34,1.33,814.73,-661.69,-28.34,374.36,-5.0,36.68,-81.36
2024/1/1 7:15,75.15,79.34,1.33,669.06,-21.67,-58.28,374.36,-5.0,36.68,-81.3
2024/1/1 7:30,-59.16,51.68,1.33,646.97,-172.9,-59.1,374.36,-5.0,36.68,-81.48
2024/1/1 7:45,-59.17,51.68,1.33,566.15,-1633.95,-60.89,374.36,-5.0,36.68,-81.74
2024/1/1 8:00,-58.92,-20.98,13.39,-1723.39,-261.56,12.83,374.88,-5.0,40.04,-114.21
2024/1/1 8:15,-57.68,-20.98,13.39,-1730.62,-1788.19,20.22,374.88,-5.0,40.04,-124.05
2024/1/1 8:30,-42.74,-24.19,13.39,-1400.0,-1729.93,18.06,374.88,-5.0,40.04,0.0
2024/1/1 8:45,-38.94,-24.19,13.39,-3063.16,-1623.68,30.84,374.88,-5.0,40.04,0.0
2024/1/1 9:00,-20.4,-9.32,1.52,-737.91,-477.59,-53.56,375.55,-5.0,64.35,0.06
2024/1/1 9:15,-6.92,-9.32,1.52,-945.91,-157.64,42.11,375.55,-2.99,64.35,0.06
2024/1/1 9:30,84.9,-8.67,1.52,-631.57,-84.03,76.01,375.55,-2.99,64.35,0.06
2024/1/1 9:45,-29.21,-8.67,1.52,-480.89,-742.91,-34.88,375.55,-2.99,64.35,0.06
2024/1/1 10:00,84.35,-3.23,1.04,-1400.0,-849.3,32.97,376.08,-2.99,36.89,0.08
2024/1/1 10:15,-47.64,-3.23,1.04,-1186.57,-8387.78,7.04,376.08,-5.0,36.89,0.08
2024/1/1 10:30,-60.49,-2.04,1.04,-1229.21,-29127.54,75.15,376.08,-5.0,36.89,0.08
2024/1/1 10:45,-68.86,-2.04,1.04,-1326.82,-31973.19,-52.29,376.08,-5.0,36.89,0.08
2024/1/1 11:00,75.15,-9.62,0.41,-555.85,-43818.25,-18.36,376.08,132.0,31.97,0.76
2024/1/1 11:15,75.15,-9.62,0.41,-1405.98,-47638.46,-17.27,376.08,-5.0,31.97,0.76
2024/1/1 11:30,-33.41,-34.07,0.41,-12.9,-52209.88,-28.03,376.08,-5.0,31.97,0.76
2024/1/1 11:45,-55.75,-34.07,0.41,-1.32,-58884.48,-55.46,376.08,-5.0,31.97,0.76
2024/1/1 12:00,-38.46,-22.1,0.0,-57.86,-51691.71,-36.19,376.75,-5.0,34.34,3.14
2024/1/1 12:15,-42.23,-22.1,0.0,-412.42,-42007.66,-52.14,376.75,-5.0,34.34,3.14
2024/1/1 12:30,-46.02,-12.18,0.0,-116.29,-40306.1,-47.78,376.75,-5.0,34.34,3.14
2024/1/1 12:45,83.07,-12.18,0.0,-10.74,-30372.97,-14.84,376.75,-5.0,34.34,3.14
2024/1/1 13:00,104.64,-12.11,-0.57,-1214.69,-10126.42,111.77,377.03,-5.0,35.51,4.12
2024/1/1 13:15,119.0,-12.11,-0.57,-1817.62,-6095.6,-10.65,377.03,-5.0,35.51,4.12
2024/1/1 13:30,99.71,-12.08,-0.57,-14.81,-10281.61,-10.91,377.03,132.0,35.51,4.12
2024/1/1 13:45,116.19,-12.08,-0.57,-0.19,106922.11,-0.61,377.03,132.0,35.51,4.12
2024/1/1 14:00,114.32,-6.57,0.0,-527.98,99931.05,-17.3,376.16,-5.0,42.09,11.0
2024/1/1 14:15,135.09,-6.57,0.0,-147.99,100004.51,143.37,376.16,132.0,42.09,11.0
2024/1/1 14:30,129.08,-5.69,0.0,-192.14,98602.0,133.38,376.16,132.0,42.09,11.0
2024/1/1 14:45,127.84,-5.69,0.0,-430.81,98596.08,143.43,376.16,132.0,42.09,11.0
2024/1/1 15:00,-16.59,-5.87,0.0,-636.05,-1.0,110.43,376.68,-5.0,68.49,44.66
2024/1/1 15:15,94.64,-5.87,0.0,-164.52,98200.89,89.75,376.68,132.0,68.49,44.66
2024/1/1 15:30,126.04,62.34,0.0,-2.07,97777.19,127.95,376.68,132.0,68.49,44.66
2024/1/1 15:45,104.36,62.34,0.0,-85.86,98779.18,357.61,376.68,132.0,68.49,44.66
2024/1/1 16:00,-15.11,50.48,0.24,-654.7,-6783.79,44.68,392.88,-5.0,90.74,69.05
2024/1/1 16:15,-29.03,50.48,0.24,-333.81,-5665.33,46.01,392.88,-5.0,90.74,69.05
2024/1/1 16:30,0.09,51.77,0.24,-122.05,-1.0,0.0,392.88,-5.0,90.74,69.05
2024/1/1 16:45,-1.9,51.77,0.24,-139.46,-1.0,28.73,392.88,-5.0,90.74,69.05
2024/1/1 17:00,77.29,75.96,5.06,-113.81,23449.1,60.15,374.88,-5.0,103.93,35.06
2024/1/1 17:15,76.34,75.96,5.06,-192.3,23449.1,63.71,374.88,-5.0,103.93,81.82
2024/1/1 17:30,76.34,77.47,5.06,-97.86,23449.1,65.64,374.88,-5.0,103.93,81.82
2024/1/1 17:45,-1.84,77.47,5.06,-102.4,23449.1,71.03,374.88,-5.0,103.93,81.82
2024/1/1 18:00,76.34,70.11,36.58,-1790.43,98901.49,71.2,313.34,-5.0,41.06,83.26
2024/1/1 18:15,77.72,70.11,36.58,-2308.08,23234.75,72.15,313.34,-5.0,41.06,83.26
2024/1/1 18:30,78.88,17.86,36.58,-1475.97,97299.78,81.68,313.34,-5.0,41.06,83.26
2024/1/1 18:45,85.09,17.86,36.58,-594.31,97367.71,40.9,313.34,-5.0,41.06,83.26
2024/1/1 19:00,77.7,10.28,39.28,-6.4,96851.47,75.69,312.14,-5.0,0.0,76.94
2024/1/1 19:15,77.21,10.28,39.28,-691.15,21029.93,58.69,312.14,132.0,0.0,76.94
2024/1/1 19:30,-29.76,-25.06,39.28,-1261.57,21029.93,55.6,312.14,-5.0,0.0,76.94
2024/1/1 19:45,-9.6,-25.06,39.28,-160.77,21029.93,18.1,312.14,-5.0,0.0,76.94
2024/1/1 20:00,77.3,18.42,59.56,-3.05,-1.0,31.19,375.48,-5.0,42.61,29.14
2024/1/1 20:15,77.91,18.42,59.56,-39.42,-20.47,-6.17,375.48,-2.99,42.61,29.14
2024/1/1 20:30,78.93,16.25,59.56,-914.08,-376.68,-28.9,375.48,-5.0,42.61,29.14
2024/1/1 20:45,76.34,16.25,59.56,-1052.52,-900.85,-21.08,375.48,-5.0,42.61,29.14
2024/1/1 21:00,77.29,15.34,39.96,2000.0,-1109.37,0.0,374.88,-5.0,31.81,26.74
2024/1/1 21:15,76.34,15.34,39.96,2000.0,-587.0,-0.93,374.88,-5.0,31.81,26.74
2024/1/1 21:30,76.34,4.88,39.96,-3.83,-374.16,-23.93,374.88,-5.0,31.81,26.74
2024/1/1 21:45,77.34,4.88,39.96,-1098.38,-1.0,-13.31,374.88,-5.0,31.81,26.74
2024/1/1 22:00,-38.97,15.61,42.5,3100.0,96974.16,-29.57,375.48,132.0,5.56,69.87
2024/1/1 22:15,-40.97,15.61,42.5,-876.65,17194.48,-49.16,375.48,126.99,5.56,29.95
2024/1/1 22:30,-49.69,26.34,42.5,-526.57,17194.48,-37.99,375.48,132.0,5.56,29.95
2024/1/1 22:45,77.08,26.34,42.5,-839.0,17194.48,-20.34,375.48,132.0,5.56,29.95
2024/1/1 23:00,78.09,0.94,10.12,-424.7,97076.54,10.77,375.48,132.0,70.13,21.33
2024/1/1 23:15,78.96,0.94,10.12,-638.84,-1077.14,31.65,375.48,-5.0,70.13,21.33
2024/1/1 23:30,76.34,-7.16,10.12,-335.18,-522.11,-4.41,375.48,-5.0,70.13,21.33
2024/1/1 23:45,76.34,-7.16,10.12,-244.0,-20.3,-3034.06,375.48,-5.0,70.13,21.33
2024/1/2 0:00,-146.41,1.57,4.72,-1051.22,-2149.7,-1526.18,269.65,-5.0,65.15,17.33
2024/1/2 0:15,-66.81,1.57,4.72,-996.89,-1705.52,-38.18,269.65,-5.0,65.15,40.43
2024/1/2 0:30,-65.7,-32.33,4.72,-1034.28,-1608.03,-3253.63,269.65,-5.0,65.15,40.43
2024/1/2 0:45,-65.38,-32.33,4.72,-1047.03,-1764.79,-747.33,269.65,-5.0,65.15,17.33
2024/1/2 1:00,-64.98,14.93,0.08,-239.79,-1470.38,-135.45,256.94,-5.0,10.71,27.24
2024/1/2 1:15,-64.22,14.93,0.08,-265.03,-2178.21,-4646.92,256.94,-5.0,10.71,27.24
2024/1/2 1:30,-64.03,8.0,0.08,-268.56,-2257.25,-63.95,256.94,-5.0,10.71,27.24
2024/1/2 1:45,-26.15,8.0,0.08,-279.72,-1979.99,-54.26,256.94,-5.0,10.71,11.68
2024/1/2 2:00,90.82,-13.96,0.05,-885.02,-1710.75,-15.5,265.52,-5.0,3.0,36.72
2024/1/2 2:15,88.34,-13.96,0.05,-709.43,-1.0,-13.87,265.52,-5.0,3.0,36.72
2024/1/2 2:30,92.46,-36.98,0.05,-950.81,-1.0,9.36,265.52,-3.99,3.0,36.72
2024/1/2 2:45,85.14,-36.98,0.05,3100.0,10668.79,20.84,265.52,-3.99,3.0,36.72
2024/1/2 3:00,-56.59,-15.76,0.12,-300.0,6320.26,30.83,269.02,-5.0,63.79,21.77
2024/1/2 3:15,-61.61,-15.76,0.12,-392.36,6320.26,17.15,269.02,-5.0,63.79,21.77
2024/1/2 3:30,-60.88,-26.91,0.12,-437.93,6320.26,25.0,269.02,-5.0,63.79,21.77
2024/1/2 3:45,-60.56,-26.91,0.12,-1114.51,6320.26,-31.49,269.02,-3.99,63.79,21.77
2024/1/2 4:00,-48.65,-35.15,0.04,-1400.0,3802.09,-44.47,280.49,-5.0,34.01,13.08
2024/1/2 4:15,-54.03,-35.15,0.04,-1830.98,3802.09,-54.01,280.49,-5.0,34.01,13.08
2024/1/2 4:30,-9.16,-34.71,0.04,3100.0,3802.09,-9.31,280.49,-5.0,34.01,13.08
2024/1/2 4:45,-19.49,-34.71,0.04,3100.0,3802.09,-3.31,280.49,-5.0,34.01,13.08
2024/1/2 5:00,-9.5,-32.24,52.11,-360.81,14715.44,-8.25,284.1,-5.0,92.1,45.23
2024/1/2 5:15,-20.87,-32.24,52.11,-300.0,120370.98,25.0,284.1,-5.0,92.1,45.23
2024/1/2 5:30,-7.82,31.18,52.11,-694.76,116312.56,33.17,284.1,0.0,92.1,45.23
2024/1/2 5:45,-29.94,31.18,52.11,2000.0,108000.0,34.38,284.1,132.0,92.1,45.23
2024/1/2 6:00,-56.31,35.0,0.28,-776.74,17661.59,27.05,311.64,-5.0,0.0,62.29
2024/1/2 6:15,-56.7,35.0,0.28,-505.33,17661.59,49.43,311.64,-5.0,0.0,62.29
2024/1/2 6:30,-58.46,33.61,0.28,-358.85,17661.59,57.54,311.64,-5.0,0.0,62.29
2024/1/2 6:45,-53.83,33.61,0.28,-386.59,17661.59,93.17,311.64,132.0,0.0,62.29
2024/1/2 7:00,-53.76,12.46,14.14,-214.99,-1795.65,-39.22,422.3,-5.0,9.4,96.99
2024/1/2 7:15,-20.56,12.46,14.14,-261.93,-3652.69,46.0,422.3,-5.0,9.4,96.99
2024/1/2 7:30,-48.13,9.23,14.14,-1546.53,-2545.45,70.97,422.3,-5.0,9.4,96.99
2024/1/2 7:45,-24.31,9.23,14.14,686.55,-1538.33,140.87,422.3,84.4,9.4,96.99
2024/1/2 8:00,80.8,6.81,40.53,-94.77,-2001.01,40.71,473.05,132.0,1.6,103.96
2024/1/2 8:15,98.93,6.81,40.53,3100.0,-1829.66,1.0,473.05,88.13,1.6,103.96
2024/1/2 8:30,98.66,10.63,40.53,3100.0,-614.21,1.0,473.05,88.13,1.6,98.28
2024/1/2 8:45,111.61,10.63,40.53,3100.0,-1687.21,1.0,473.05,88.13,1.6,96.68
2024/1/2 9:00,109.65,10.94,38.49,1201.81,-416.31,105.51,421.96,86.31,81.21,102.13
2024/1/2 9:15,144.68,10.94,38.49,966.43,-200.15,100.79,421.96,86.31,81.21,102.13
2024/1/2 9:30,143.57,12.66,38.49,832.89,-1791.04,75.94,421.96,86.31,81.21,102.13
2024/1/2 9:45,88.96,12.66,38.49,1432.56,-1839.28,11.01,421.96,86.31,81.21,43.77
2024/1/2 10:00,11.4,12.67,22.52,1181.85,-2918.24,33.06,353.72,0.0,0.0,43.57
2024/1/2 10:15,59.68,12.67,22.52,3616.27,-1825.34,69.45,353.72,-5.0,0.0,101.65
2024/1/2 10:30,63.07,23.5,22.52,-3574.25,-5149.42,80.71,353.72,-5.0,0.0,43.57
2024/1/2 10:45,79.73,23.5,22.52,-2837.0,-2677.0,80.5,353.72,-3.99,0.0,43.57
2024/1/2 11:00,97.15,45.71,20.43,-1231.2,-971.86,97.27,317.63,87.63,20.34,45.2
2024/1/2 11:15,100.84,45.71,20.43,-300.0,-1745.58,99.73,317.63,87.63,20.34,45.2
2024/1/2 11:30,128.85,48.09,20.43,-7.75,-209.91,103.65,317.63,87.63,20.34,45.2
2024/1/2 11:45,141.74,48.09,20.43,-57.8,111855.92,159.43,317.63,87.63,20.34,45.2
2024/1/2 12:00,149.76,52.71,66.95,-435.19,-789.66,152.75,320.61,90.12,15.73,46.7
2024/1/2 12:15,115.24,52.71,66.95,-660.4,121541.8,44.83,320.61,90.12,15.73,46.7
2024/1/2 12:30,81.0,49.49,66.95,-821.28,112948.0,43.49,320.61,90.12,15.73,46.7
2024/1/2 12:45,60.01,49.49,66.95,-1090.01,-775.24,62.35,320.61,90.12,15.73,46.7
2024/1/2 13:00,104.69,61.73,65.39,-25.24,-432.9,104.96,307.48,132.0,28.75,110.05
2024/1/2 13:15,17.51,61.73,65.39,-125.82,-345.41,102.37,307.48,132.0,28.75,47.17
2024/1/2 13:30,108.95,52.03,65.39,-322.35,103852.93,111.2,307.48,132.0,28.75,47.17
2024/1/2 13:45,103.17,52.03,65.39,-2328.09,103141.3,71.79,307.48,126.0,28.75,47.17
2024/1/2 14:00,102.92,52.12,80.46,-756.75,101925.0,102.69,323.14,94.58,12.61,48.48
2024/1/2 14:15,103.62,52.12,80.46,-1043.51,100392.84,99.43,323.14,94.58,12.61,48.48
2024/1/2 14:30,106.49,65.32,80.46,-999.93,99999.0,106.66,323.14,94.58,12.61,48.48
2024/1/2 14:45,102.17,65.32,80.46,3100.0,-3651.0,62.04,323.14,94.58,12.61,48.48
2024/1/2 15:00,105.38,52.07,39.11,2781.69,104239.89,90.45,421.36,96.44,12.88,114.6
2024/1/2 15:15,109.86,52.07,39.11,2000.0,104078.83,112.01,421.36,96.44,12.88,114.6
2024/1/2 15:30,112.01,51.75,39.11,2000.0,104314.07,145.37,421.36,96.44,12.88,114.6
2024/1/2 15:45,-1.29,51.75,39.11,2000.0,105165.86,142.87,421.36,96.44,12.88,114.6
2024/1/2 16:00,118.25,23.07,5.63,1828.49,102535.68,91.73,422.3,132.0,0.0,50.66
2024/1/2 16:15,105.65,23.07,5.63,918.15,108889.0,87.58,422.3,99.21,0.0,50.66
2024/1/2 16:30,109.53,-21.64,5.63,1096.18,105475.56,106.78,422.3,99.21,0.0,118.2
2024/1/2 16:45,109.01,-21.64,5.63,1372.46,103816.59,24.63,422.3,99.21,0.0,118.2
2024/1/2 17:00,57.22,-3.35,36.15,884.64,107938.3,93.52,421.35,96.55,48.83,117.0
2024/1/2 17:15,102.81,-3.35,36.15,955.6,32942.57,77.45,421.35,96.55,48.83,117.0
2024/1/2 17:30,95.0,-12.64,36.15,1028.47,-884.89,68.92,421.35,96.55,48.83,117.0
2024/1/2 17:45,106.23,-12.64,36.15,1093.34,-181.5,70.05,421.35,0.0,48.83,117.0
2024/1/2 18:00,-6.72,63.45,43.1,919.46,107239.31,95.98,411.07,0.0,12.15,110.66
2024/1/2 18:15,-32.11,63.45,43.1,1001.58,31154.24,68.04,411.07,0.0,12.15,110.66
2024/1/2 18:30,-15.76,60.29,43.1,859.87,31154.24,68.62,411.07,0.0,12.15,110.66
2024/1/2 18:45,111.83,60.29,43.1,1042.62,107006.76,101.66,411.07,0.0,12.15,47.42
2024/1/2 19:00,-37.38,34.18,42.94,837.87,-580.63,70.17,354.33,84.49,8.54,101.7
2024/1/2 19:15,-14.7,34.18,42.94,1120.81,-1096.7,66.06,354.33,84.49,8.54,101.7
2024/1/2 19:30,45.89,8.83,42.94,863.87,-1551.81,43.76,354.33,84.49,8.54,101.7
2024/1/2 19:45,95.0,8.83,42.94,1246.83,-3073.84,43.4,354.33,-5.0,8.54,43.58
2024/1/2 20:00,114.91,48.11,46.36,771.02,-2233.11,60.4,359.58,132.0,0.0,83.31
2024/1/2 20:15,114.15,48.11,46.36,1409.2,-1087.29,23.04,359.58,66.24,0.0,83.31
2024/1/2 20:30,105.7,-10.99,46.36,4278.61,-1037.04,-1.96,359.58,66.24,0.0,83.31
2024/1/2 20:45,96.99,-10.99,46.36,135.67,-1233.2,5.38,359.58,-5.0,0.0,35.71
2024/1/2 21:00,129.8,-38.22,43.16,2000.0,-1057.67,46.83,411.07,132.0,110.02,28.76
2024/1/2 21:15,128.36,-38.22,43.16,2000.0,-701.26,47.17,411.07,52.82,110.02,28.76
2024/1/2 21:30,96.99,-13.96,43.16,-300.0,-2143.76,27.05,411.07,52.82,110.02,28.76
2024/1/2 21:45,114.03,-13.96,43.16,-300.0,-3074.32,37.63,411.07,-5.0,110.02,31.56
2024/1/2 22:00,515.1,-88.61,11.75,3100.0,-3099.56,-8.11,306.1,132.0,33.62,57.48
2024/1/2 22:15,325.12,-88.61,11.75,3100.0,-209.23,-0.55,306.1,45.02,33.62,57.48
2024/1/2 22:30,127.32,4.82,11.75,-1400.0,-101.83,-31.4,306.1,45.02,33.62,28.56
2024/1/2 22:45,96.99,4.82,11.75,-1400.0,-1168.63,-7.11,306.1,-5.0,33.62,28.61
2024/1/2 23:00,119.97,-23.21,0.0,-300.0,169503.86,62.75,274.64,132.0,47.83,35.67
2024/1/2 23:15,116.84,-23.21,0.0,-300.0,-1.0,121.19,274.64,27.81,47.83,35.67
2024/1/2 23:30,107.13,-65.85,0.0,-300.0,9736.42,36.21,274.64,-5.0,47.83,35.67
2024/1/2 23:45,96.99,-65.85,0.0,-300.0,-92.01,41.4,274.64,-5.0,47.83,35.67
2024/1/3 0:00,112.09,39.64,86.78,-1400.0,0.0,10.93,260.96,132.0,80.0,21.63
2024/1/3 0:15,85.21,39.64,86.78,-1400.0,-506.18,13.56,260.96,-2.99,80.0,21.63
2024/1/3 0:30,86.03,-16.95,86.78,-1400.0,-781.31,-4.33,260.96,-2.99,80.0,21.63
2024/1/3 0:45,85.34,-16.95,86.78,-1400.0,0.0,-7.76,260.96,-2.99,80.0,9.27
2024/1/3 1:00,-22.93,35.58,80.92,-300.0,0.0,5.62,223.43,127.99,47.54,19.89
2024/1/3 1:15,-20.11,35.58,80.92,-442.78,-6660.42,-2.72,223.43,-5.0,47.54,19.89
2024/1/3 1:30,-18.02,82.42,80.92,-700.76,-7708.58,-21.1,223.43,-5.0,47.54,8.53
2024/1/3 1:45,-2.91,82.42,80.92,-300.0,-7080.98,-9.43,223.43,-5.0,47.54,8.53
2024/1/3 2:00,85.15,69.64,0.89,-1400.0,-493.05,13.45,260.96,132.0,48.29,19.01
2024/1/3 2:15,84.36,69.64,0.89,-1400.0,0.0,6.53,260.96,-5.0,48.29,19.01
2024/1/3 2:30,84.25,-5.69,0.89,-3763.97,-2078.1,-34.16,260.96,-5.0,48.29,19.01
2024/1/3 2:45,-37.44,-5.69,0.89,-3358.95,-2297.05,-37.23,260.96,-5.0,48.29,19.01
2024/1/3 3:00,84.67,-3.86,46.82,2000.0,-1958.01,-23.55,260.96,-5.0,38.5,18.66
2024/1/3 3:15,-35.67,-3.86,46.82,2000.0,-1590.63,-35.68,260.96,-5.0,38.5,18.66
2024/1/3 3:30,84.25,-8.51,46.82,-300.0,-1177.66,-33.67,260.96,-5.0,38.5,18.66
2024/1/3 3:45,84.25,-8.51,46.82,-826.97,-2198.36,-12.3,260.96,-5.0,38.5,18.66
2024/1/3 4:00,84.34,-18.02,0.0,-2262.18,-2306.05,-0.1,260.96,-5.0,0.0,19.61
2024/1/3 4:15,84.34,-18.02,0.0,-1916.97,0.0,-4.09,260.96,-5.0,0.0,8.41
2024/1/3 4:30,84.34,-26.4,0.0,-1813.39,-1981.99,-4.28,260.96,-5.0,0.0,19.61
2024/1/3 4:45,-55.07,-26.4,0.0,-2920.23,-3657.74,-35.41,260.96,-5.0,0.0,19.61
2024/1/3 5:00,-31.58,43.32,0.0,-500.17,-7532.35,-27.99,260.97,-5.0,3.66,22.01
2024/1/3 5:15,-28.69,43.32,0.0,-832.89,-5382.18,-32.53,260.97,-5.0,3.66,22.01
2024/1/3 5:30,-6.61,-37.47,0.0,4.63,-2013.93,-1.4,260.97,-5.0,3.66,22.01
2024/1/3 5:45,100.19,-37.47,0.0,2000.0,0.0,8.41,260.97,132.0,3.66,22.01
2024/1/3 6:00,103.85,-7.37,0.76,-586.71,-1952.53,-30.72,318.0,-5.0,0.0,40.74
2024/1/3 6:15,104.36,-7.37,0.76,-470.61,-1904.51,-18.34,318.0,-5.0,0.0,40.74
2024/1/3 6:30,108.92,11.86,0.76,-1146.26,0.0,1.76,318.0,127.99,0.0,40.74
2024/1/3 6:45,104.1,11.86,0.76,-106.26,0.0,53.7,318.0,-2.99,0.0,40.74
2024/1/3 7:00,-34.8,73.69,20.28,-371.3,-100.62,24.88,412.9,-5.0,87.82,63.1
2024/1/3 7:15,-17.23,73.69,20.28,-1434.28,-1068.97,40.52,412.9,-5.0,87.82,63.1
2024/1/3 7:30,-31.48,81.62,20.28,2000.0,-22.31,111.5,412.9,-3.0,87.82,63.1
2024/1/3 7:45,-7.7,81.62,20.28,2000.0,-1.0,114.55,412.9,-3.0,87.82,63.1
2024/1/3 8:00,8.43,75.27,54.7,-1400.0,0.0,54.75,417.93,-5.0,123.93,37.44
2024/1/3 8:15,104.0,75.27,54.7,-1400.0,97300.05,72.4,417.93,-3.0,123.93,87.36
2024/1/3 8:30,112.04,72.73,54.7,3100.0,100908.31,109.58,417.93,-3.0,123.93,87.36
2024/1/3 8:45,112.65,72.73,54.7,3100.0,93526.01,99.89,417.93,-3.0,123.93,87.36
2024/1/3 9:00,5.49,42.01,58.31,2000.0,-45285.06,96.91,412.92,-3.0,120.13,90.76
2024/1/3 9:15,-9.27,42.01,58.31,2000.0,-14201.24,77.51,412.92,-3.0,120.13,90.76
2024/1/3 9:30,-9.43,21.91,58.31,2000.0,0.0,76.82,412.92,-3.0,120.13,90.76
2024/1/3 9:45,-24.89,21.91,58.31,831.56,0.0,-28.41,412.92,-3.0,120.13,90.76
2024/1/3 10:00,-16.27,84.24,53.75,923.62,0.0,7.33,417.93,-3.0,24.39,83.82
2024/1/3 10:15,-71.37,84.24,53.75,766.59,-5760.78,-47.77,417.93,-5.0,24.39,83.82
2024/1/3 10:30,-30.6,84.7,53.75,1069.27,-2695.44,-28.72,417.93,-5.0,24.39,83.82
2024/1/3 10:45,-43.87,84.7,53.75,1413.38,-1235.59,-42.32,417.93,-5.0,24.39,83.82
2024/1/3 11:00,10.96,70.65,51.68,2000.0,-3112.36,38.06,412.92,-5.0,100.48,80.6
2024/1/3 11:15,22.84,70.65,51.68,2000.0,0.0,34.59,412.92,-3.0,100.48,80.6
2024/1/3 11:30,5.12,70.62,51.68,2000.0,-442.63,11.4,412.92,123.0,100.48,80.6
2024/1/3 11:45,-24.14,70.62,51.68,2000.0,0.0,42.64,412.92,-3.0,100.48,80.6
2024/1/3 12:00,108.04,70.67,29.81,3100.0,169382.11,19.65,412.9,132.0,94.03,79.23
2024/1/3 12:15,110.82,70.67,29.81,3100.0,0.0,14.88,412.9,123.0,94.03,79.23
2024/1/3 12:30,105.26,61.55,29.81,3100.0,-62.23,61.75,412.9,123.0,94.03,79.23
2024/1/3 12:45,96.28,61.55,29.81,3100.0,0.0,58.96,412.9,123.0,94.03,79.23
2024/1/3 13:00,-15.9,64.86,49.06,741.3,-1916.68,-11.89,417.93,123.0,98.46,79.09
2024/1/3 13:15,73.28,64.86,49.06,1365.9,-2831.59,-14.78,417.93,123.0,98.46,79.09
2024/1/3 13:30,-25.26,64.86,49.06,-300.0,0.0,-24.88,417.93,123.0,98.46,79.09
2024/1/3 13:45,-54.66,64.86,49.06,-1021.79,-439.12,-40.58,417.93,-5.0,98.46,79.09
2024/1/3 14:00,-30.14,74.99,106.88,-1400.0,-660.25,84.32,418.69,-3.0,120.97,87.5
2024/1/3 14:15,-16.09,74.99,106.88,-1400.0,0.0,67.89,418.69,-2.9,120.97,87.5
2024/1/3 14:30,2.89,81.03,106.88,-1400.0,-752.0,100.71,418.69,-2.9,120.97,87.5
2024/1/3 14:45,111.81,81.03,106.88,-1400.0,-738.12,17.98,418.69,-2.9,120.97,87.5
2024/1/3 15:00,105.18,63.59,47.52,-300.0,0.0,65.34,430.76,-2.9,106.77,99.76
2024/1/3 15:15,113.9,63.59,47.52,-300.0,-1643.92,87.46,430.76,-2.9,106.77,42.76
2024/1/3 15:30,106.6,63.22,47.52,-300.0,80000.0,97.18,430.76,-2.9,106.77,42.76
2024/1/3 15:45,-12.99,63.22,47.52,-300.0,-980.52,98.17,430.76,-2.9,106.77,42.76
2024/1/3 16:00,89.25,79.97,36.88,-1400.0,-253.79,50.99,430.78,-5.0,188.55,46.87
2024/1/3 16:15,115.34,79.97,36.88,-1400.0,-561.82,-15.6,430.78,123.0,188.55,46.87
2024/1/3 16:30,117.8,79.98,36.88,-1400.0,-902.6,-9.21,430.78,123.0,188.55,46.87
2024/1/3 16:45,119.09,79.98,36.88,-3654.4,-252.0,79.0,430.78,123.0,188.55,109.35
2024/1/3 17:00,105.83,-10.52,52.85,-300.0,0.0,37.89,430.76,123.0,120.82,50.69
2024/1/3 17:15,120.65,-10.52,52.85,-300.0,-1233.21,-17.25,430.76,-1.0,120.82,50.69
2024/1/3 17:30,112.8,89.05,52.85,-300.0,-787.24,96.71,430.76,123.0,120.82,50.69
2024/1/3 17:45,106.12,89.05,52.85,-300.0,0.0,105.5,430.76,-1.0,120.82,50.69
2024/1/3 18:00,79.89,80.03,64.22,-1400.0,0.0,80.12,417.93,-1.0,120.59,119.97
2024/1/3 18:15,78.33,80.03,64.22,-1400.0,0.0,80.12,417.93,-1.0,120.59,51.41
2024/1/3 18:30,52.8,83.38,64.22,-1400.0,0.0,89.13,417.93,-1.0,120.59,51.41
2024/1/3 18:45,107.21,83.38,64.22,-1400.0,0.0,107.73,417.93,-1.0,120.59,51.41
2024/1/3 19:00,105.98,64.44,56.96,-300.0,0.0,37.0,417.94,123.0,114.23,115.91
2024/1/3 19:15,111.39,64.44,56.96,-300.0,0.0,78.54,417.94,-1.0,114.23,115.91
2024/1/3 19:30,114.47,67.43,56.96,-300.0,0.0,70.54,417.94,-1.0,114.23,115.91
2024/1/3 19:45,130.86,67.43,56.96,-300.0,0.0,62.63,417.94,-1.0,114.23,115.91
2024/1/3 20:00,125.58,83.52,36.01,3100.0,0.0,59.7,411.2,132.0,49.99,102.52
2024/1/3 20:15,-3.03,83.52,36.01,3100.0,0.0,-10.72,411.2,132.0,49.99,102.52
2024/1/3 20:30,-10.37,74.31,36.01,-1400.0,0.0,71.85,411.2,123.0,49.99,102.52
2024/1/3 20:45,12.78,74.31,36.01,-1400.0,0.0,61.98,411.2,123.0,49.99,102.52
2024/1/3 21:00,-11.29,54.04,30.46,2000.0,0.0,3.57,412.9,132.0,34.91,94.37
2024/1/3 21:15,31.08,54.04,30.46,2000.0,80000.0,35.89,412.9,-2.9,34.91,94.37
2024/1/3 21:30,90.39,-2.96,30.46,2000.0,0.0,26.72,412.9,132.0,34.91,94.37
2024/1/3 21:45,110.4,-2.96,30.46,-300.0,0.0,69.64,412.9,-2.9,34.91,94.37
2024/1/3 22:00,111.38,5.22,28.26,-1400.0,0.0,106.13,411.19,-2.9,16.59,91.0
2024/1/3 22:15,113.67,5.22,28.26,-1400.0,0.0,118.48,411.19,-2.9,16.59,91.0
2024/1/3 22:30,-14.84,34.87,28.26,-1677.82,0.0,62.01,411.19,132.0,16.59,91.0
2024/1/3 22:45,93.6,34.87,28.26,-1400.0,0.0,55.29,411.19,132.0,16.59,39.0
2024/1/3 23:00,103.89,21.55,31.19,1729.08,0.0,-6.4,411.18,132.0,8.15,81.37
2024/1/3 23:15,110.71,21.55,31.19,-300.0,0.0,-2.93,411.18,-5.0,8.15,34.87
2024/1/3 23:30,-17.97,31.39,31.19,-878.15,0.0,88.75,411.18,-5.0,8.15,34.87
2024/1/3 23:45,75.89,31.39,31.19,-300.0,0.0,56.76,411.18,-5.0,8.15,34.87
2024/1/4 0:00,-11.06,37.55,24.64,3300.0,1246.08,58.87,393.27,132.0,73.52,34.38
2024/1/4 0:15,-19.37,37.55,24.64,3300.0,1999.0,44.17,393.27,-5.0,73.52,34.38
2024/1/4 0:30,-14.89,21.97,24.64,3300.0,1983.11,8.75,393.27,-5.0,73.52,34.38
2024/1/4 0:45,-15.05,21.97,24.64,755.55,-356.52,-17.16,393.27,-5.0,73.52,34.38
2024/1/4 1:00,-4.54,-4.78,21.73,740.37,-1005.7,29.29,390.08,129.0,93.51,30.28
2024/1/4 1:15,-5.79,-4.78,21.73,835.75,-188.62,17.12,390.08,132.0,93.51,30.28
2024/1/4 1:30,3.14,58.74,21.73,1120.57,-413.42,82.3,390.08,-5.0,93.51,30.28
2024/1/4 1:45,-19.41,58.74,21.73,-389.53,-1002.34,13.43,390.08,-5.0,93.51,30.28
2024/1/4 2:00,-14.66,56.76,53.94,-2164.77,-836.41,0.12,389.78,-5.0,51.61,24.0
2024/1/4 2:15,-23.4,56.76,53.94,-2070.26,-59.37,1.69,389.78,-5.0,51.61,24.0
2024/1/4 2:30,-8.06,54.66,53.94,-1642.26,-288.76,2.97,389.78,-5.0,51.61,25.56
2024/1/4 2:45,80.73,54.66,53.94,-1750.58,-451.48,-12.33,389.78,-5.0,51.61,26.1
2024/1/4 3:00,86.55,28.92,50.39,-784.25,143.33,10.88,386.66,-5.0,8.41,16.96
2024/1/4 3:15,-10.62,28.92,50.39,-329.14,-303.89,0.72,386.66,-5.0,8.41,17.32
2024/1/4 3:30,80.73,28.48,50.39,-300.0,-1007.69,-3.81,386.66,-5.0,8.41,35.67
2024/1/4 3:45,80.73,28.48,50.39,-300.0,-835.94,-6.36,386.66,-5.0,8.41,17.63
2024/1/4 4:00,85.17,28.09,41.21,-1600.0,-4445.71,-9.66,391.63,-5.0,10.7,24.08
2024/1/4 4:15,92.44,28.09,41.21,-1600.0,-1330.51,-5.37,391.63,-5.0,10.7,24.4
2024/1/4 4:30,92.13,26.45,41.21,-1600.0,-521.0,14.51,391.63,-5.0,10.7,49.0
2024/1/4 4:45,92.77,26.45,41.21,-556.48,-2657.0,31.53,391.63,-5.0,10.7,49.0
2024/1/4 5:00,88.82,46.02,26.67,-58.86,80000.0,0.16,398.07,-5.0,28.73,40.06
2024/1/4 5:15,89.37,46.02,26.67,-134.14,80000.0,11.45,398.07,-5.0,28.73,80.82
2024/1/4 5:30,-2.14,53.39,26.67,-1318.22,107291.15,10.03,398.07,-5.0,28.73,80.82
2024/1/4 5:45,112.71,53.39,26.67,2589.66,110965.95,88.71,398.07,132.0,28.73,80.82
2024/1/4 6:00,124.22,70.25,25.42,-96.44,94553.23,115.85,410.3,132.0,0.0,49.65
2024/1/4 6:15,120.8,70.25,25.42,-110.41,80838.21,97.16,410.3,132.0,0.0,50.5
2024/1/4 6:30,162.21,56.17,25.42,-206.24,1688.0,76.38,410.3,132.0,0.0,49.94
2024/1/4 6:45,-12.46,56.17,25.42,-4082.82,-45.0,37.0,410.3,132.0,0.0,50.55
2024/1/4 7:00,-25.16,96.04,58.76,-146.68,-21.64,71.51,425.07,129.0,24.39,54.81
2024/1/4 7:15,112.68,96.04,58.76,-321.04,-27.19,-15.75,425.07,129.0,24.39,55.6
2024/1/4 7:30,121.32,95.95,58.76,-493.64,730.99,97.3,425.07,129.0,24.39,57.96
2024/1/4 7:45,118.26,95.95,58.76,-300.0,1624.15,78.0,425.07,-2.5,24.39,58.96
2024/1/4 8:00,118.19,77.85,57.26,-1600.0,1348.91,73.07,508.79,-5.0,105.8,61.19
2024/1/4 8:15,116.65,77.85,57.26,-2913.09,160.35,77.47,508.79,-2.5,105.8,-121.09
2024/1/4 8:30,128.28,77.23,57.26,-1600.0,917.32,82.08,508.79,-2.5,105.8,-171.56
2024/1/4 8:45,9.42,77.23,57.26,-2949.83,1200.25,104.64,508.79,-2.5,105.8,-153.99
2024/1/4 9:00,-157.36,86.81,72.95,-300.0,1701.61,100.03,425.07,-2.5,114.15,-155.5
2024/1/4 9:15,-92.18,86.81,72.95,-300.0,215.2,-123.62,425.07,-5.0,114.15,-134.8
2024/1/4 9:30,-56.36,90.23,72.95,-300.0,-790.71,-96.35,425.07,-5.0,114.15,-102.18
2024/1/4 9:45,-86.78,90.23,72.95,-529.02,-1964.17,79.76,425.07,114.0,114.15,-84.11
2024/1/4 10:00,117.28,79.14,75.01,-1600.0,-9126.18,111.04,425.06,-2.5,179.25,-134.65
2024/1/4 10:15,121.33,79.14,75.01,3300.0,-6310.06,122.51,425.06,-2.5,179.25,61.71
2024/1/4 10:30,123.64,88.37,75.01,3300.0,-6101.61,6.49,425.06,114.0,179.25,59.93
2024/1/4 10:45,124.05,88.37,75.01,3300.0,-6111.49,-19.26,425.06,-5.0,179.25,58.47
2024/1/4 11:00,141.31,84.45,83.18,2000.0,-5720.93,73.16,425.06,132.0,74.3,59.72
2024/1/4 11:15,148.25,84.45,83.18,2000.0,-116.43,46.01,425.06,132.0,74.3,59.48
2024/1/4 11:30,157.23,88.52,83.18,2000.0,-294.94,39.62,425.06,132.0,74.3,59.4
2024/1/4 11:45,155.8,88.52,83.18,2000.0,-562.9,88.35,425.06,-5.0,74.3,59.02
2024/1/4 12:00,131.59,160.08,71.37,3300.0,925.85,-28.25,398.06,-5.0,185.82,54.8
2024/1/4 12:15,137.25,160.08,71.37,3300.0,1810.82,1.93,398.06,132.0,185.82,54.82
2024/1/4 12:30,155.94,108.82,71.37,3300.0,1317.81,12.35,398.06,-3.9,185.82,54.71
2024/1/4 12:45,138.26,108.82,71.37,3300.0,1721.08,4.39,398.06,-2.5,185.82,55.37
2024/1/4 13:00,128.49,89.2,117.17,2000.0,1976.53,55.46,398.77,132.0,18.13,59.24
2024/1/4 13:15,143.54,89.2,117.17,2000.0,2387.0,128.34,398.77,-2.5,18.13,59.89
2024/1/4 13:30,124.76,85.95,117.17,2000.0,2653.4,123.41,398.77,-2.5,18.13,59.71
2024/1/4 13:45,119.31,85.95,117.17,1914.78,2386.63,115.56,398.77,-2.5,18.13,59.56
2024/1/4 14:00,127.52,106.4,70.6,1169.7,2717.19,101.42,425.07,-2.5,76.59,63.21
2024/1/4 14:15,124.61,106.4,70.6,979.65,2987.61,110.09,425.07,-2.5,76.59,62.4
2024/1/4 14:30,136.87,108.71,70.6,1022.99,2454.48,117.53,425.07,-3.9,76.59,63.18
2024/1/4 14:45,20.66,108.71,70.6,986.44,2689.08,110.97,425.07,-2.5,76.59,64.32
2024/1/4 15:00,44.59,50.66,69.31,1007.92,2851.79,63.79,517.02,-2.5,3.65,66.83
2024/1/4 15:15,8.65,50.66,69.31,944.04,2903.8,25.02,517.02,138.06,3.65,68.83
2024/1/4 15:30,62.61,44.28,69.31,1079.92,2962.74,85.73,517.02,138.06,3.65,68.99
2024/1/4 15:45,3.45,44.28,69.31,1209.44,2586.6,70.73,517.02,138.06,3.65,68.92
2024/1/4 16:00,135.89,15.46,52.85,1041.33,2591.41,90.58,518.24,-2.5,16.49,62.53
2024/1/4 16:15,141.43,15.46,52.85,1749.56,2744.78,124.26,518.24,146.63,16.49,62.53
2024/1/4 16:30,148.81,15.65,52.85,1752.85,86486.58,539.41,518.24,146.63,16.49,145.89
2024/1/4 16:45,140.49,15.65,52.85,1285.22,80000.0,86.8,518.24,146.63,16.49,145.89
2024/1/4 17:00,72.74,-2.77,66.03,1020.58,2896.0,126.36,600.0,161.32,44.35,154.21
2024/1/4 17:15,146.25,-2.77,66.03,1111.98,80000.0,24.37,600.0,161.32,44.35,154.21
2024/1/4 17:30,188.9,54.7,66.03,2190.44,80000.0,119.01,600.0,158.0,44.35,154.21
2024/1/4 17:45,181.5,54.7,66.03,-2140.81,80000.0,159.46,600.0,-2.5,44.35,154.21
2024/1/4 18:00,68.95,196.0,70.31,-1600.0,3384.0,156.83,603.14,165.28,54.16,155.6
2024/1/4 18:15,71.23,196.0,70.31,-1600.0,2068.08,114.57,603.14,162.0,54.16,155.6
2024/1/4 18:30,66.93,197.28,70.31,-1600.0,3699.5,93.66,603.14,162.0,54.16,155.6
2024/1/4 18:45,67.34,197.28,70.31,-1600.0,1818.16,110.46,603.14,162.0,54.16,155.6
2024/1/4 19:00,160.43,106.03,71.74,0.1,80000.0,143.68,578.41,154.0,0.0,152.17
2024/1/4 19:15,72.56,106.03,71.74,0.1,80000.0,120.97,578.41,154.0,0.0,152.17
2024/1/4 19:30,77.1,104.67,71.74,2.33,41955.63,105.21,578.41,149.0,0.0,152.17
2024/1/4 19:45,41.31,104.67,71.74,5.31,41955.63,85.25,578.41,-5.0,0.0,152.17
2024/1/4 20:00,55.68,78.07,70.06,-1396.97,97017.49,62.73,571.22,141.97,80.27,140.55
2024/1/4 20:15,64.27,78.07,70.06,-742.91,80000.0,60.69,571.22,141.97,80.27,60.23
2024/1/4 20:30,103.39,-4.35,70.06,-1165.93,4286.24,79.6,571.22,141.97,80.27,60.23
2024/1/4 20:45,67.65,-4.35,70.06,-1167.23,3009.39,77.62,571.22,141.97,80.27,60.23
2024/1/4 21:00,124.44,83.95,60.92,2000.0,225.42,117.87,517.05,134.04,147.72,56.34
2024/1/4 21:15,131.63,83.95,60.92,2000.0,3142.96,136.24,517.05,134.04,147.72,56.34
2024/1/4 21:30,114.05,99.08,60.92,2000.0,3062.87,88.37,517.05,131.0,147.72,56.34
2024/1/4 21:45,97.03,99.08,60.92,2000.0,3570.01,52.25,517.05,131.0,147.72,56.34
2024/1/4 22:00,117.19,93.05,48.61,3300.0,3513.96,71.21,410.3,-2.5,126.9,127.67
2024/1/4 22:15,25.31,93.05,48.61,3300.0,4565.0,107.26,410.3,-5.0,126.9,127.67
2024/1/4 22:30,68.02,96.26,48.61,3300.0,93363.03,89.09,410.3,-3.9,126.9,127.67
2024/1/4 22:45,119.78,96.26,48.61,-1600.0,92500.84,78.52,410.3,-2.5,126.9,54.71
2024/1/4 23:00,130.69,96.52,54.31,2000.0,93737.15,125.59,398.43,132.0,114.54,123.96
2024/1/4 23:15,131.57,96.52,54.31,2000.0,98009.27,135.98,398.43,-5.0,114.54,123.96
2024/1/4 23:30,132.09,126.1,54.31,2000.0,5169.0,139.41,398.43,-2.5,114.54,123.96
2024/1/4 23:45,123.95,126.1,54.31,-469.51,83579.56,83.41,398.43,-2.5,114.54,123.96
2024/1/5 0:00,146.14,130.54,43.63,-1600.0,83776.79,112.41,413.36,132.0,130.98,120.51
2024/1/5 0:15,156.25,130.54,43.63,-1600.0,82415.29,86.8,413.36,132.0,130.98,120.51
2024/1/5 0:30,136.13,72.93,43.63,-1600.0,81999.54,28.97,413.36,-2.99,130.98,51.65
2024/1/5 0:45,96.25,72.93,43.63,-1600.0,3543.1,21.19,413.36,129.0,130.98,51.65
2024/1/5 1:00,130.21,126.24,46.4,-300.0,79897.93,57.0,413.36,132.0,116.99,112.71
2024/1/5 1:15,126.2,126.24,46.4,-300.0,5951.49,15.88,413.36,129.0,116.99,112.71
2024/1/5 1:30,93.53,75.73,46.4,-152.1,5151.0,10.23,413.36,-2.99,116.99,112.71
2024/1/5 1:45,94.85,75.73,46.4,-160.35,6178.9,8.8,413.36,-5.0,116.99,48.31
2024/1/5 2:00,27.14,94.19,39.77,-106.61,6852.0,50.79,413.37,-2.99,110.19,107.81
2024/1/5 2:15,-74.06,94.19,39.77,-1106.98,6052.0,-9.67,413.37,-2.99,110.19,107.81
2024/1/5 2:30,-68.52,27.19,39.77,3580.81,6052.0,65.86,413.37,-2.99,110.19,107.81
2024/1/5 2:45,-25.0,27.19,39.77,3300.0,29119.02,18.78,413.37,-2.99,110.19,46.21
2024/1/5 3:00,56.1,18.3,48.64,2000.0,80094.88,66.63,456.14,132.0,159.48,102.0
2024/1/5 3:15,26.56,18.3,48.64,2000.0,6913.0,46.9,456.14,-2.99,159.48,102.0
2024/1/5 3:30,15.4,17.9,48.64,-1016.73,79898.37,38.24,456.14,-3.0,159.48,102.0
2024/1/5 3:45,-4.76,17.9,48.64,-453.9,27595.2,3.82,456.14,-2.99,159.48,102.0
2024/1/5 4:00,147.84,16.0,51.07,-1600.0,79898.9,56.61,569.32,129.0,172.35,101.18
2024/1/5 4:15,149.14,16.0,51.07,-1600.0,79928.43,48.17,569.32,129.0,172.35,101.18
2024/1/5 4:30,154.63,15.58,51.07,-1600.0,86138.99,57.0,569.32,-2.99,172.35,101.18
2024/1/5 4:45,152.71,15.58,51.07,3300.0,91525.29,67.7,569.32,129.0,172.35,101.18
2024/1/5 5:00,127.23,22.21,51.59,-300.0,87472.8,20.02,570.0,-5.0,100.95,104.97
2024/1/5 5:15,98.25,22.21,51.59,-483.91,5776.2,14.63,570.0,-5.0,100.95,104.97
2024/1/5 5:30,116.0,28.57,51.59,-756.13,3806.0,-0.34,570.0,129.0,100.95,104.97
2024/1/5 5:45,-46.86,28.57,51.59,-300.0,7524.0,-63.59,570.0,129.0,100.95,104.97
2024/1/5 6:00,-81.48,51.88,59.69,-1600.0,5065.54,-111.42,571.11,-5.0,112.14,54.38
2024/1/5 6:15,-79.6,51.88,59.69,-1600.0,6311.77,-141.96,571.11,-5.0,112.14,126.88
2024/1/5 6:30,-54.36,58.34,59.69,-1600.0,88877.73,50.78,571.11,131.0,112.14,126.88
2024/1/5 6:45,62.47,58.34,59.69,3300.0,89811.12,84.67,571.11,-2.99,112.14,126.88
2024/1/5 7:00,108.74,54.27,45.22,-300.0,80116.57,106.31,613.58,-2.99,49.26,60.51
2024/1/5 7:15,130.92,54.27,45.22,2000.0,80000.0,109.34,613.58,-2.99,49.26,60.51
2024/1/5 7:30,55.16,96.73,45.22,-300.0,80000.0,77.08,613.58,-2.99,49.26,141.19
2024/1/5 7:45,17.37,96.73,45.22,-300.0,4157.36,110.04,613.58,146.0,49.26,141.19
2024/1/5 8:00,36.55,31.65,54.79,-1600.0,4304.7,95.09,633.74,150.0,136.97,61.9
2024/1/5 8:15,37.82,31.65,54.79,-1600.0,6951.53,73.34,633.74,-2.99,136.97,61.9
2024/1/5 8:30,46.72,312.47,54.79,-121.92,6656.48,78.81,633.74,-2.99,136.97,61.9
2024/1/5 8:45,55.34,312.47,54.79,-78.55,5370.0,77.29,633.74,-2.99,136.97,61.9
2024/1/5 9:00,145.8,78.34,30.53,-161.16,7272.0,84.03,583.58,-2.99,151.44,139.26
2024/1/5 9:15,139.1,78.34,30.53,-305.2,3716.93,75.87,583.58,139.0,151.44,139.26
2024/1/5 9:30,43.71,73.32,30.53,-308.79,2050.07,53.72,583.58,-2.99,151.44,139.26
2024/1/5 9:45,66.45,73.32,30.53,-177.77,611.83,68.91,583.58,-5.0,151.44,139.26
2024/1/5 10:00,146.44,52.35,18.53,-971.88,1031.38,119.33,579.62,136.78,0.0,136.15
2024/1/5 10:15,35.36,52.35,18.53,-1116.64,1525.56,116.83,579.62,133.0,0.0,136.15
2024/1/5 10:30,42.56,57.28,18.53,-1206.69,1348.42,110.9,579.62,-5.0,0.0,136.15
2024/1/5 10:45,27.66,57.28,18.53,-1695.76,859.74,100.2,579.62,-5.0,0.0,136.15
2024/1/5 11:00,112.17,90.19,47.67,-1147.57,1167.05,77.79,571.12,138.01,139.36,59.08
2024/1/5 11:15,124.88,90.19,47.67,-1037.07,1065.07,48.03,571.12,135.0,139.36,59.08
2024/1/5 11:30,101.42,90.7,47.67,-933.36,1714.23,46.22,571.12,-2.4,139.36,59.08
2024/1/5 11:45,37.54,90.7,47.67,-3.4,1653.18,34.06,571.12,135.0,139.36,137.84
2024/1/5 12:00,48.8,85.92,46.45,-528.23,1996.07,75.79,582.12,137.11,117.27,134.6
2024/1/5 12:15,43.7,85.92,46.45,-874.82,85056.87,57.25,582.12,137.11,117.27,134.6
2024/1/5 12:30,110.19,59.88,46.45,-2865.55,82610.24,53.07,582.12,137.11,117.27,57.68
2024/1/5 12:45,112.69,59.88,46.45,-1181.33,82429.05,66.13,582.12,134.0,117.27,57.68
2024/1/5 13:00,112.3,62.95,28.83,-258.4,1894.79,73.11,589.49,143.0,124.1,60.3
2024/1/5 13:15,133.88,62.95,28.83,-322.47,86411.68,70.0,589.49,143.0,124.1,60.3
2024/1/5 13:30,135.18,68.0,28.83,-406.8,91295.98,67.62,589.49,143.0,124.1,60.3
2024/1/5 13:45,131.55,68.0,28.83,-0.88,83068.58,49.33,589.49,143.0,124.1,60.3
2024/1/5 14:00,45.5,47.86,31.16,-541.72,1238.1,45.85,597.75,154.0,125.18,150.33
2024/1/5 14:15,46.03,47.86,31.16,-229.51,983.48,56.26,597.75,154.0,125.18,150.33
2024/1/5 14:30,137.26,28.63,31.16,-1709.53,83917.82,145.59,597.75,157.27,125.18,150.33
2024/1/5 14:45,133.9,28.63,31.16,-1.92,2395.0,110.11,597.75,157.27,125.18,150.33
2024/1/5 15:00,75.12,27.8,5.88,-195.04,2691.74,99.37,592.09,159.47,135.79,153.54
2024/1/5 15:15,77.07,27.8,5.88,-346.83,3869.0,94.86,592.09,159.47,135.79,153.54
2024/1/5 15:30,114.85,27.14,5.88,-313.44,2899.0,86.57,592.09,159.47,135.79,153.54
2024/1/5 15:45,134.05,27.14,5.88,6.88,80098.71,85.83,592.09,159.47,135.79,153.54
2024/1/5 16:00,151.57,27.06,22.52,-681.86,80000.0,144.6,597.75,-1.0,134.32,66.96
2024/1/5 16:15,152.16,27.06,22.52,-828.5,80167.45,148.03,597.75,-1.0,134.32,156.24
2024/1/5 16:30,172.63,27.08,22.52,-655.69,81392.23,103.02,597.75,161.7,134.32,156.24
2024/1/5 16:45,154.99,27.08,22.52,1.0,80530.3,264.64,597.75,161.7,134.32,156.24
2024/1/5 17:00,148.08,29.6,47.43,-787.99,3333.0,131.53,605.97,-0.9,173.24,159.98
2024/1/5 17:15,147.68,29.6,47.43,-1859.65,3453.0,141.35,605.97,161.0,173.24,159.98
2024/1/5 17:30,132.49,53.8,47.43,1522.57,3202.36,79.63,605.97,161.0,173.24,159.98
2024/1/5 17:45,130.15,53.8,47.43,2371.07,3364.54,82.44,605.97,-5.0,173.24,159.98
2024/1/5 18:00,137.44,43.99,52.0,-1600.0,2459.16,81.0,633.74,155.0,174.88,156.48
2024/1/5 18:15,140.8,43.99,52.0,-1600.0,2938.82,95.16,633.74,155.0,174.88,156.48
2024/1/5 18:30,132.74,14.41,52.0,3300.0,3132.94,66.09,633.74,155.0,174.88,156.48
2024/1/5 18:45,56.68,14.41,52.0,3300.0,3660.0,50.11,633.74,148.0,174.88,156.48
2024/1/5 19:00,144.99,92.48,61.83,3300.0,3857.74,49.95,579.62,151.0,140.73,152.04
2024/1/5 19:15,122.33,92.48,61.83,3300.0,3885.96,28.24,579.62,151.0,140.73,152.04
2024/1/5 19:30,123.97,64.01,61.83,3300.0,3864.36,77.93,579.62,151.0,140.73,152.04
2024/1/5 19:45,120.46,64.01,61.83,3300.0,3887.98,73.62,579.62,151.0,140.73,152.04
2024/1/5 20:00,31.08,36.5,79.95,3300.0,81046.35,43.63,570.52,149.03,143.05,146.33
2024/1/5 20:15,111.22,36.5,79.95,3300.0,3964.17,40.13,570.52,146.0,143.05,146.33
2024/1/5 20:30,117.14,33.6,79.95,3300.0,3726.93,92.25,570.52,131.0,143.05,146.33
2024/1/5 20:45,115.63,33.6,79.95,1969.66,3890.25,76.77,570.52,-0.9,143.05,146.33
2024/1/5 21:00,124.35,45.92,61.31,1246.15,3969.35,49.59,570.49,136.5,17.81,57.9
2024/1/5 21:15,121.98,45.92,61.31,969.35,3572.94,40.79,570.49,133.0,17.81,57.9
2024/1/5 21:30,103.07,-42.56,61.31,1219.33,3779.51,95.38,570.49,-5.0,17.81,57.9
2024/1/5 21:45,29.67,-42.56,61.31,-2403.87,4190.04,26.49,570.49,-5.0,17.81,57.9
2024/1/5 22:00,51.33,32.04,41.26,929.98,4211.0,55.67,494.44,-5.0,0.0,56.95
2024/1/5 22:15,61.36,32.04,41.26,965.94,4054.96,69.68,494.44,129.0,0.0,56.95
2024/1/5 22:30,116.85,15.71,41.26,938.88,3741.0,70.35,494.44,129.0,0.0,56.95
2024/1/5 22:45,103.07,15.71,41.26,-2167.14,3707.51,93.47,494.44,129.0,0.0,56.95
2024/1/5 23:00,128.74,65.35,61.06,2024.9,84412.73,126.81,413.36,132.0,13.61,121.52
2024/1/5 23:15,135.69,65.35,61.06,948.98,4187.14,92.39,413.36,129.0,13.61,121.52
2024/1/5 23:30,121.85,19.1,61.06,2971.86,3368.7,95.45,413.36,-5.0,13.61,52.08
2024/1/5 23:45,126.93,19.1,61.06,-1691.38,3461.6,90.02,413.36,129.0,13.61,52.08
2024/1/6 0:00,147.21,54.28,77.66,3003.66,80979.9,91.51,406.11,132.0,132.35,115.15
2024/1/6 0:15,151.4,54.28,77.66,-1600.0,79886.07,83.42,406.11,132.0,132.35,49.35
2024/1/6 0:30,127.15,29.12,77.66,3300.0,80000.0,33.22,406.11,129.0,132.35,49.35
2024/1/6 0:45,124.13,29.12,77.66,3300.0,-700.0,63.78,406.11,132.0,132.35,49.35
2024/1/6 1:00,118.92,34.67,92.64,3300.0,86918.15,69.18,406.11,132.0,110.51,112.28
2024/1/6 1:15,124.38,34.67,92.64,3300.0,85287.43,125.72,406.11,132.0,110.51,112.28
2024/1/6 1:30,129.18,69.44,92.64,3300.0,80000.0,93.49,406.11,132.0,110.51,48.12
2024/1/6 1:45,107.72,69.44,92.64,3300.0,2227.59,80.98,406.11,129.0,110.51,48.12
2024/1/6 2:00,34.75,39.27,49.53,3300.0,3307.37,63.47,406.11,132.0,125.96,106.58
2024/1/6 2:15,35.07,39.27,49.53,3300.0,28786.28,35.79,406.11,129.0,125.96,106.58
2024/1/6 2:30,35.58,27.03,49.53,3300.0,28786.28,52.8,406.11,132.0,125.96,45.68
2024/1/6 2:45,95.68,27.03,49.53,3300.0,80000.0,57.35,406.11,129.0,125.96,45.68
2024/1/6 3:00,125.19,125.01,49.93,3300.0,79883.74,64.31,384.02,132.0,0.0,102.21
2024/1/6 3:15,97.26,125.01,49.93,3300.0,4496.0,51.77,384.02,132.0,0.0,102.21
2024/1/6 3:30,121.91,77.88,49.93,3300.0,1377.12,14.0,384.02,129.0,0.0,102.21
2024/1/6 3:45,124.49,77.88,49.93,3300.0,1886.26,2.82,384.02,129.0,0.0,102.21
2024/1/6 4:00,119.94,104.74,59.06,3300.0,80000.0,23.76,384.02,132.0,0.0,102.21
2024/1/6 4:15,118.55,104.74,59.06,3300.0,27606.54,41.66,384.02,129.0,0.0,102.21
2024/1/6 4:30,136.37,9.68,59.06,3300.0,5043.0,63.22,384.02,132.0,0.0,102.21
2024/1/6 4:45,137.02,9.68,59.06,-1600.0,4937.57,-1421.95,384.02,129.0,0.0,102.21
2024/1/6 5:00,110.12,22.33,38.94,-2023.99,3619.93,-1767.42,373.37,129.0,110.31,44.75
2024/1/6 5:15,106.08,22.33,38.94,-1600.0,3419.73,-0.08,373.37,129.0,110.31,44.75
2024/1/6 5:30,112.14,86.73,38.94,-1600.0,4252.18,81.23,373.37,129.0,110.31,44.75
2024/1/6 5:45,96.52,86.73,38.94,-1600.0,2418.33,75.21,373.37,129.0,110.31,44.75
2024/1/6 6:00,39.33,53.66,51.37,-1600.0,521.68,89.87,300.51,-5.0,30.07,45.06
2024/1/6 6:15,39.2,53.66,51.37,-1600.0,1332.25,95.41,300.51,-1.9,30.07,45.06
2024/1/6 6:30,39.51,53.92,51.37,-1600.0,3782.69,111.53,300.51,129.0,30.07,45.06
2024/1/6 6:45,96.9,53.92,51.37,-1600.0,3414.86,99.29,300.51,129.0,30.07,45.06
2024/1/6 7:00,105.0,36.86,52.62,-1600.0,2481.21,88.19,323.23,-1.9,3.85,48.83
2024/1/6 7:15,106.62,36.86,52.62,-1393.48,667.24,92.14,323.23,-1.9,3.85,48.83
2024/1/6 7:30,40.29,34.29,52.62,-493.94,1187.36,92.59,323.23,129.0,3.85,48.83
2024/1/6 7:45,40.64,34.29,52.62,-275.23,820.54,99.53,323.23,129.0,3.85,48.83
2024/1/6 8:00,42.22,50.42,47.91,-341.88,526.49,106.35,386.62,-1.9,18.83,53.04
2024/1/6 8:15,41.87,50.42,47.91,-375.23,1073.67,95.89,386.62,-5.0,18.83,53.04
2024/1/6 8:30,45.84,58.88,47.91,-238.87,263.25,97.16,386.62,132.0,18.83,53.04
2024/1/6 8:45,43.21,58.88,47.91,-291.11,3815.97,43.0,386.62,129.0,18.83,123.76
2024/1/6 9:00,40.91,63.69,37.31,-492.01,656.73,40.38,406.11,132.0,125.94,55.34
2024/1/6 9:15,44.23,63.69,37.31,-442.95,80000.0,106.22,406.11,129.0,125.94,129.12
2024/1/6 9:30,45.01,84.52,37.31,-1428.06,103111.68,104.31,406.11,132.0,125.94,129.12
2024/1/6 9:45,55.34,84.52,37.31,-2447.63,113154.37,108.47,406.11,132.0,125.94,129.12
2024/1/6 10:00,115.32,64.1,15.21,-258.45,121167.86,111.74,537.63,-1.9,122.09,136.22
2024/1/6 10:15,114.95,64.1,15.21,-373.0,118625.11,114.75,537.63,136.22,122.09,136.22
2024/1/6 10:30,124.29,64.1,15.21,-416.47,112553.05,124.38,537.63,136.22,122.09,133.78
2024/1/6 10:45,126.01,64.1,15.21,-466.27,121026.54,114.07,537.63,136.22,122.09,132.35
2024/1/6 11:00,117.47,48.18,0.49,-388.5,454.18,105.6,539.41,140.79,129.41,132.77
2024/1/6 11:15,44.32,48.18,0.49,-523.6,185.24,108.09,539.41,137.0,129.41,131.25
2024/1/6 11:30,45.96,48.73,0.49,-256.52,1329.08,113.07,539.41,137.0,129.41,134.57
2024/1/6 11:45,46.59,48.73,0.49,-1505.5,92439.01,116.93,539.41,140.79,129.41,134.41
2024/1/6 12:00,54.15,109.81,81.24,-258.98,80287.63,80.0,538.89,135.0,126.45,131.11
2024/1/6 12:15,55.0,109.81,81.24,-294.47,80000.0,80.0,538.89,135.0,126.45,134.41
2024/1/6 12:30,55.34,43.56,81.24,-124.41,80034.73,106.42,538.89,135.0,126.45,134.68
2024/1/6 12:45,51.22,43.56,81.24,-0.8,84317.05,52.99,538.89,135.0,126.45,131.4
2024/1/6 13:00,123.14,53.98,3.84,-1924.37,92521.28,119.15,538.23,129.0,135.13,56.68
2024/1/6 13:15,120.44,53.98,3.84,-546.9,81359.74,88.08,538.23,129.0,135.13,56.68
2024/1/6 13:30,135.39,41.53,3.84,-895.34,80000.0,95.03,538.23,-1.9,135.13,56.68
2024/1/6 13:45,152.44,41.53,3.84,-748.02,4052.0,79.38,538.23,129.0,135.13,56.68
2024/1/6 14:00,147.83,72.78,0.82,-282.3,79903.66,100.83,406.11,132.0,120.91,55.46
2024/1/6 14:15,145.84,72.78,0.82,-1600.0,83321.58,51.7,406.11,129.0,120.91,129.42
2024/1/6 14:30,135.78,75.62,0.82,3300.0,85336.46,98.93,406.11,129.0,120.91,129.42
2024/1/6 14:45,138.15,75.62,0.82,3300.0,1109.0,62.09,406.11,-1.9,120.91,129.42
2024/1/6 15:00,118.54,224.26,12.76,-1600.0,2961.31,52.79,537.63,-1.9,32.92,131.5
2024/1/6 15:15,123.28,224.26,12.76,-1600.0,5238.0,77.94,537.63,-1.9,32.92,131.5
2024/1/6 15:30,123.96,112.07,12.76,-1600.0,5238.0,80.35,537.63,-1.9,32.92,131.5
2024/1/6 15:45,132.51,112.07,12.76,-1600.0,5238.0,77.1,537.63,-1.9,32.92,127.9
2024/1/6 16:00,124.61,89.0,25.45,-1600.0,80000.0,122.97,538.83,-1.9,45.36,126.77
2024/1/6 16:15,177.49,89.0,25.45,-2021.28,37267.51,78.34,538.83,-1.9,45.36,126.59
2024/1/6 16:30,142.82,37.12,25.45,3300.0,2511.02,58.72,538.83,-5.0,45.36,126.59
2024/1/6 16:45,153.71,37.12,25.45,3300.0,178.98,70.0,538.83,-5.0,45.36,126.63
2024/1/6 17:00,50.02,43.3,24.38,3300.0,80000.0,44.78,485.66,-5.0,38.96,62.58
2024/1/6 17:15,121.78,43.3,24.38,3300.0,39434.13,70.62,485.66,-5.0,38.96,62.58
2024/1/6 17:30,129.21,92.81,24.38,-1600.0,39434.13,29.06,485.66,-2.5,38.96,62.58
2024/1/6 17:45,139.45,92.81,24.38,-1600.0,268.91,22.99,485.66,-5.0,38.96,62.58
2024/1/6 18:00,178.24,30.13,86.69,3300.0,635.68,39.4,417.77,-5.0,17.63,62.18
2024/1/6 18:15,208.79,30.13,86.69,-1600.0,2246.7,123.96,417.77,-1.9,17.63,62.18
2024/1/6 18:30,191.77,19.6,86.69,-1600.0,39184.58,124.71,417.77,-1.9,17.63,62.18
2024/1/6 18:45,38.02,19.6,86.69,-1600.0,80000.0,117.02,417.77,-1.9,17.63,62.18
2024/1/6 19:00,45.77,36.16,83.92,-1600.0,3247.0,130.56,367.35,-2.5,26.79,138.6
2024/1/6 19:15,18.11,36.16,83.92,-1600.0,37433.88,123.77,367.35,-1.9,26.79,59.4
2024/1/6 19:30,11.45,89.5,83.92,-1600.0,37433.88,118.7,367.35,-1.9,26.79,59.4
2024/1/6 19:45,31.07,89.5,83.92,-1600.0,80000.0,109.52,367.35,-1.9,26.79,59.4
2024/1/6 20:00,161.08,96.75,63.3,3300.0,85434.43,6.55,308.14,129.0,57.86,55.28
2024/1/6 20:15,171.58,96.75,63.3,3300.0,2824.4,4.18,308.14,129.0,57.86,57.95
2024/1/6 20:30,8.0,25.83,63.3,-2742.2,34839.98,14.01,308.14,-2.5,57.86,60.36
2024/1/6 20:45,10.29,25.83,63.3,-1600.0,442.32,-1.71,308.14,-1.9,57.86,-88.65
2024/1/6 21:00,141.49,98.11,57.32,-1600.0,80000.0,27.83,300.52,132.0,0.0,-228.82
2024/1/6 21:15,123.57,98.11,57.32,-1600.0,1897.29,21.45,300.52,129.0,0.0,-218.18
2024/1/6 21:30,123.47,101.39,57.32,-1600.0,2459.42,86.96,300.52,129.0,0.0,-221.92
2024/1/6 21:45,108.63,101.39,57.32,-1600.0,727.62,80.96,300.52,129.0,0.0,-222.98
2024/1/6 22:00,119.96,109.28,88.69,-1600.0,84099.14,118.07,300.52,132.0,15.83,60.17
2024/1/6 22:15,111.11,109.28,88.69,-1600.0,80000.0,102.21,300.52,129.0,15.83,60.43
2024/1/6 22:30,131.34,108.72,88.69,-1600.0,82605.96,100.03,300.52,129.0,15.83,60.36
2024/1/6 22:45,113.12,108.72,88.69,-1600.0,80000.0,97.87,300.52,129.0,15.83,59.91
2024/1/6 23:00,132.28,96.83,67.84,3300.0,98926.83,131.86,290.9,132.0,0.0,55.72
2024/1/6 23:15,118.76,96.83,67.84,-1600.0,81400.16,109.78,290.9,129.0,0.0,55.67
2024/1/6 23:30,138.05,100.48,67.84,-1600.0,79797.47,98.58,290.9,-5.0,0.0,54.97
2024/1/6 23:45,116.07,100.48,67.84,-1600.0,82080.2,76.66,290.9,-5.0,0.0,53.32
2024/1/7 0:00,17.67,84.39,45.0,-3673.32,977.46,113.34,303.15,-5.0,177.72,58.34
2024/1/7 0:15,10.84,84.39,45.0,-1600.0,31792.33,113.17,303.15,-5.0,177.72,56.73
2024/1/7 0:30,9.9,74.31,45.0,-1600.0,31792.33,99.33,303.15,-5.0,177.72,55.36
2024/1/7 0:45,10.77,74.31,45.0,-1600.0,31792.33,65.99,303.15,-5.0,177.72,54.59
2024/1/7 1:00,16.51,72.27,33.61,-1600.0,30181.54,90.8,295.29,-5.0,132.4,54.14
2024/1/7 1:15,14.26,72.27,33.61,-1600.0,1817.0,80.66,295.29,129.0,132.4,52.99
2024/1/7 1:30,10.26,69.65,33.61,-1071.81,30181.54,73.34,295.29,-2.0,132.4,53.55
2024/1/7 1:45,104.0,69.65,33.61,-920.98,-3076.13,71.1,295.29,-5.0,132.4,54.53
2024/1/7 2:00,121.48,62.94,45.5,-550.15,1620.33,119.62,303.09,129.0,0.0,51.24
2024/1/7 2:15,123.92,62.94,45.5,-673.3,-1311.16,96.45,303.09,129.0,0.0,51.32
2024/1/7 2:30,17.08,49.35,45.5,-836.65,2248.33,89.01,303.09,-5.0,0.0,50.96
2024/1/7 2:45,25.78,49.35,45.5,-779.05,1443.91,73.49,303.09,-5.0,0.0,50.5
2024/1/7 3:00,13.45,37.63,49.91,-421.29,1978.31,102.7,303.15,-5.0,0.0,48.41
2024/1/7 3:15,113.87,37.63,49.91,-281.28,-1154.96,101.3,303.15,-5.0,0.0,49.26
2024/1/7 3:30,122.74,22.9,49.91,-1437.68,5205.06,120.56,303.15,-5.0,0.0,50.43
2024/1/7 3:45,118.21,22.9,49.91,-14.01,5847.54,92.49,303.15,-1.9,0.0,51.16
2024/1/7 4:00,20.03,21.78,18.35,-64.52,184.09,82.73,334.01,-5.0,86.44,49.97
2024/1/7 4:15,19.99,21.78,18.35,4362.47,987.0,110.72,334.01,-1.9,86.44,50.04
2024/1/7 4:30,53.07,18.47,18.35,3300.0,1303.0,108.72,334.01,-1.9,86.44,50.02
2024/1/7 4:45,20.66,18.47,18.35,3300.0,27171.7,90.98,334.01,-1.9,86.44,50.0
2024/1/7 5:00,4.91,25.7,67.78,3300.0,84271.88,111.98,342.52,-5.0,68.05,50.02
2024/1/7 5:15,6.43,25.7,67.78,3300.0,27254.89,86.33,342.52,129.0,68.05,49.76
2024/1/7 5:30,35.5,24.26,67.78,3300.0,80000.0,111.88,342.52,129.0,68.05,49.89
2024/1/7 5:45,12.04,24.26,67.78,958.71,-1486.0,96.8,342.52,-1.9,68.05,49.74
2024/1/7 6:00,2.8,18.51,74.9,839.59,23.26,100.95,342.52,129.0,111.34,48.24
2024/1/7 6:15,29.32,18.51,74.9,1241.34,54.05,85.75,342.52,129.0,111.34,51.14
2024/1/7 6:30,21.02,19.28,74.9,852.4,-1649.54,102.14,342.52,129.0,111.34,52.17
2024/1/7 6:45,24.89,19.28,74.9,951.1,-250.41,103.19,342.52,129.0,111.34,52.31
2024/1/7 7:00,115.0,19.28,63.84,1035.32,1821.05,105.39,308.88,-1.9,40.87,54.0
2024/1/7 7:15,114.62,19.28,63.84,999.39,-1961.83,103.26,308.88,-1.9,40.87,108.77
2024/1/7 7:30,118.78,19.28,63.84,1346.32,2402.0,115.66,308.88,-1.9,40.87,108.77
2024/1/7 7:45,121.93,19.28,63.84,1250.46,3019.45,124.54,308.88,126.0,40.87,108.77
2024/1/7 8:00,107.99,23.64,76.28,908.18,-10088.41,6.58,308.87,-5.0,14.07,49.07
2024/1/7 8:15,114.6,23.64,76.28,861.85,1763.05,52.38,308.87,-5.0,14.07,49.07
2024/1/7 8:30,117.31,22.63,76.28,891.08,-4658.82,50.21,308.87,-1.9,14.07,49.07
2024/1/7 8:45,44.2,22.63,76.28,881.43,-421.71,70.45,308.87,-1.9,14.07,49.07
2024/1/7 9:00,-58.19,20.97,36.13,881.5,-7418.65,-145.01,388.48,119.0,10.43,50.92
2024/1/7 9:15,129.62,20.97,36.13,896.3,-2355.75,120.26,388.48,129.0,10.43,50.92
2024/1/7 9:30,133.86,294.14,36.13,878.52,1641.19,134.08,388.48,126.0,10.43,118.8
2024/1/7 9:45,133.76,294.14,36.13,883.69,1691.25,133.72,388.48,129.0,10.43,118.8
2024/1/7 10:00,134.58,340.65,40.64,905.15,6133.09,135.34,408.11,129.0,105.26,121.38
2024/1/7 10:15,135.48,340.65,40.64,871.72,3722.0,135.46,408.11,126.0,105.26,121.38
2024/1/7 10:30,137.78,168.92,40.64,884.2,835.62,90.63,408.11,126.0,105.26,121.38
2024/1/7 10:45,146.63,168.92,40.64,989.09,764.24,89.71,408.11,126.0,105.26,121.38
2024/1/7 11:00,29.7,84.16,20.51,859.79,773.54,31.86,408.11,132.0,115.51,123.87
2024/1/7 11:15,45.97,84.16,20.51,990.74,494.42,50.09,408.11,119.0,115.51,123.87
2024/1/7 11:30,151.73,104.36,20.51,979.78,1567.09,132.41,408.11,129.0,115.51,123.87
2024/1/7 11:45,140.08,104.36,20.51,1442.13,2176.12,99.76,408.11,126.0,115.51,123.87
2024/1/7 12:00,36.91,100.89,31.65,1658.35,1918.8,47.92,408.1,126.0,76.54,124.12
2024/1/7 12:15,129.31,100.89,31.65,1216.3,1777.17,40.83,408.1,126.0,76.54,124.12
2024/1/7 12:30,136.54,110.26,31.65,1109.18,1421.1,108.78,408.1,126.0,76.54,124.12
2024/1/7 12:45,134.62,110.26,31.65,901.97,2277.42,103.5,408.1,132.0,76.54,124.12
2024/1/7 13:00,162.84,111.37,51.41,1003.28,1994.97,138.17,408.1,132.0,72.7,118.73
2024/1/7 13:15,160.16,111.37,51.41,889.92,4558.0,19.03,408.1,132.0,72.7,118.73
2024/1/7 13:30,168.93,106.55,51.41,907.42,3361.78,105.55,408.1,132.0,72.7,50.89
2024/1/7 13:45,166.35,106.55,51.41,882.0,3177.09,118.0,408.1,126.0,72.7,50.89
2024/1/7 14:00,169.19,-45.76,48.92,980.4,3025.95,107.58,408.12,-1.9,52.18,118.08
2024/1/7 14:15,168.22,-45.76,48.92,1052.49,4599.0,118.0,408.12,126.0,52.18,118.08
2024/1/7 14:30,164.34,95.99,48.92,1401.57,80756.43,61.62,408.12,129.0,52.18,118.08
2024/1/7 14:45,161.3,95.99,48.92,1599.3,85119.71,123.82,408.12,129.0,52.18,118.08
2024/1/7 15:00,148.32,286.69,4.93,1017.61,80000.0,136.3,388.47,-1.9,4.04,123.21
2024/1/7 15:15,160.14,286.69,4.93,1139.67,80000.0,138.28,388.47,126.0,4.04,123.21
2024/1/7 15:30,171.23,220.0,4.93,1431.74,79926.31,116.45,388.47,-1.9,4.04,123.21
2024/1/7 15:45,176.86,220.0,4.93,1671.66,79450.5,130.2,388.47,129.0,4.04,123.21
2024/1/7 16:00,163.82,111.01,11.37,1074.37,3446.45,51.24,408.1,-1.9,6.9,56.05
2024/1/7 16:15,151.84,111.01,11.37,1009.87,80941.23,23.83,408.1,126.0,6.9,56.05
2024/1/7 16:30,146.63,109.35,11.37,1404.6,81821.65,95.05,408.1,132.0,6.9,130.79
2024/1/7 16:45,55.74,109.35,11.37,1398.98,81367.73,208.36,408.1,132.0,6.9,130.79
2024/1/7 17:00,147.4,27.11,19.29,1032.28,80000.0,145.78,408.1,142.47,44.76,61.06
2024/1/7 17:15,144.8,27.11,19.29,1195.73,2314.0,143.32,408.1,129.0,44.76,142.48
2024/1/7 17:30,146.48,23.13,19.29,1132.25,3291.04,147.25,408.1,129.0,44.76,142.48
2024/1/7 17:45,25.77,23.13,19.29,1368.92,3211.01,142.92,408.1,129.0,44.76,142.48
2024/1/7 18:00,20.87,61.37,84.34,1210.98,3205.41,125.46,408.11,129.0,0.0,146.79
2024/1/7 18:15,49.05,61.37,84.34,1396.77,80000.0,65.58,408.11,129.0,0.0,62.91
2024/1/7 18:30,42.29,127.94,84.34,1246.24,80000.0,140.27,408.11,129.0,0.0,62.91
2024/1/7 18:45,43.83,127.94,84.34,1258.87,80058.04,115.83,408.11,129.0,0.0,146.79
2024/1/7 19:00,37.84,122.51,87.21,1212.59,88847.92,136.29,408.1,129.0,41.18,144.07
2024/1/7 19:15,45.1,122.51,87.21,1568.93,39180.79,116.04,408.1,129.0,41.18,144.07
2024/1/7 19:30,33.06,123.68,87.21,1766.69,39180.79,115.62,408.1,129.0,41.18,144.07
2024/1/7 19:45,17.93,123.68,87.21,1692.66,80000.0,101.34,408.1,-5.0,41.18,144.07
2024/1/7 20:00,31.71,97.95,86.31,1350.47,5983.02,117.45,388.49,-5.0,45.72,140.7
2024/1/7 20:15,12.58,97.95,86.31,1040.72,3928.33,101.11,388.49,128.0,45.72,140.7
2024/1/7 20:30,125.32,64.11,86.31,1479.94,3959.2,89.48,388.49,129.0,45.72,140.7
2024/1/7 20:45,138.71,64.11,86.31,3578.02,4155.1,24.11,388.49,-1.9,45.72,140.7
2024/1/7 21:00,140.99,92.64,96.55,942.03,79741.94,55.0,320.97,129.0,41.06,130.63
2024/1/7 21:15,145.16,92.64,96.55,1666.87,3800.56,46.44,320.97,-1.9,41.06,130.63
2024/1/7 21:30,158.2,52.14,96.55,-887.67,4863.26,91.52,320.97,129.0,41.06,130.63
2024/1/7 21:45,134.41,52.14,96.55,-1975.56,1399.63,86.5,320.97,-5.0,41.06,130.63
2024/1/7 22:00,138.88,77.56,77.53,-1600.0,1274.05,129.97,408.1,132.0,46.01,127.64
2024/1/7 22:15,18.72,77.56,77.53,-1690.44,2072.45,95.49,408.1,129.0,46.01,127.64
2024/1/7 22:30,14.42,79.58,77.53,-1600.0,1471.67,99.58,408.1,129.0,46.01,54.7
2024/1/7 22:45,11.94,79.58,77.53,-1167.6,2035.05,85.04,408.1,-5.0,46.01,54.7
2024/1/7 23:00,133.73,83.12,74.0,-692.36,85887.69,97.36,388.48,132.0,40.46,117.4
2024/1/7 23:15,120.22,83.12,74.0,-990.54,3750.61,93.36,388.48,-1.9,40.46,117.4
2024/1/7 23:30,135.81,19.81,74.0,-850.1,3549.86,86.96,388.48,129.0,40.46,117.4
2024/1/7 23:45,135.99,19.81,74.0,-821.48,80000.0,86.5,388.48,-5.0,40.46,50.32
2024/1/8 0:00,19.88,49.6,41.34,-556.5,5342.19,40.49,286.4,132.0,34.44,115.43
2024/1/8 0:15,-1.42,49.6,41.34,-565.25,3810.09,-4.88,286.4,-5.0,34.44,115.43
2024/1/8 0:30,-8.66,49.63,41.34,-591.0,2788.11,69.34,286.4,-5.0,34.44,115.43
2024/1/8 0:45,3.27,49.63,41.34,-642.29,2915.05,45.49,286.4,-5.0,34.44,49.47
2024/1/8 1:00,113.5,52.63,38.55,-574.86,1208.38,101.43,335.35,129.0,33.15,113.54
2024/1/8 1:15,119.72,52.63,38.55,-276.43,2312.43,95.28,335.35,129.0,33.15,113.54
2024/1/8 1:30,22.6,60.03,38.55,-442.98,3685.3,73.45,335.35,129.0,33.15,113.54
2024/1/8 1:45,22.47,60.03,38.55,-434.78,3715.54,74.53,335.35,-5.0,33.15,113.54
2024/1/8 2:00,26.83,37.43,7.61,-1002.52,4580.42,252.86,341.92,132.0,12.55,101.74
2024/1/8 2:15,26.41,37.43,7.61,-2209.61,6621.0,145.3,341.92,129.0,12.55,101.74
2024/1/8 2:30,10.07,34.68,7.61,-482.08,2076.06,141.57,341.92,129.0,12.55,101.74
2024/1/8 2:45,7.17,34.68,7.61,-702.72,2011.41,129.17,341.92,-5.0,12.55,101.74
2024/1/8 3:00,28.38,24.48,30.96,-747.01,2719.62,136.31,343.73,129.0,27.57,96.22
2024/1/8 3:15,27.04,24.48,30.96,-1357.35,5840.85,135.87,343.73,129.0,27.57,96.22
2024/1/8 3:30,21.47,25.25,30.96,-4167.47,4131.49,519.15,343.73,129.0,27.57,96.22
2024/1/8 3:45,25.13,25.25,30.96,-1600.0,4281.59,178.34,343.73,129.0,27.57,96.22
2024/1/8 4:00,23.84,28.43,42.58,-1600.0,1358.13,27.87,351.83,-5.0,27.41,107.8
2024/1/8 4:15,31.94,28.43,42.58,-1761.46,2731.02,29.53,351.83,129.0,27.41,107.8
2024/1/8 4:30,123.2,28.43,42.58,-1600.0,1011.07,130.58,351.83,129.0,27.41,107.8
2024/1/8 4:45,124.4,28.43,42.58,-1600.0,79893.63,131.22,351.83,129.0,27.41,107.8
2024/1/8 5:00,92.73,50.48,56.8,-1600.0,1382.57,60.5,338.16,-5.0,21.55,49.26
2024/1/8 5:15,33.9,50.48,56.8,-1624.1,1484.8,70.82,338.16,-1.9,21.55,114.94
2024/1/8 5:30,128.87,37.56,56.8,-1601.37,84535.58,57.35,338.16,132.0,21.55,114.94
2024/1/8 5:45,131.32,37.56,56.8,3300.0,87223.81,138.95,338.16,132.0,21.55,49.26
2024/1/8 6:00,100.0,30.2,43.77,-705.44,1840.48,13.06,358.7,-5.0,22.32,56.58
2024/1/8 6:15,37.08,30.2,43.77,-927.04,1367.59,98.4,358.7,132.01,22.32,132.02
2024/1/8 6:30,36.63,24.86,43.77,4073.45,89269.31,155.68,358.7,132.02,22.32,132.02
2024/1/8 6:45,132.89,24.86,43.77,3300.0,114625.5,155.19,358.7,132.02,22.32,132.02
2024/1/8 7:00,128.64,24.86,66.19,-1600.0,3642.31,60.29,497.09,155.82,11.15,154.2
2024/1/8 7:15,128.34,24.86,66.19,3300.0,2650.15,42.95,497.09,152.0,11.15,154.2
2024/1/8 7:30,130.53,,66.19,3300.0,3329.0,59.64,497.09,152.0,11.15,154.2
2024/1/8 7:45,131.73,,66.19,3300.0,4164.0,119.18,497.09,152.0,11.15,154.2
2024/1/8 8:00,51.13,,90.21,3300.0,3508.92,19.17,541.38,166.0,165.24,169.55
2024/1/8 8:15,44.45,,90.21,3300.0,5168.86,116.13,541.38,166.0,165.24,169.55
2024/1/8 8:30,42.69,,90.21,3300.0,80000.0,131.83,541.38,169.55,165.24,169.55
2024/1/8 8:45,55.34,,90.21,3300.0,80000.0,83.86,541.38,169.55,165.24,169.55
2024/1/8 9:00,138.44,238.49,70.52,3300.0,82789.58,95.32,600.0,164.96,157.86,164.96
2024/1/8 9:15,158.4,238.49,70.52,2248.4,82679.04,97.69,600.0,164.96,157.86,164.96
2024/1/8 9:30,235.43,173.61,70.52,1449.66,83679.72,133.69,600.0,164.96,157.86,164.96
2024/1/8 9:45,175.79,173.61,70.52,1350.26,82447.95,127.92,600.0,164.96,157.86,164.96
2024/1/8 10:00,172.75,154.2,74.05,1086.33,5188.99,110.49,635.06,155.14,163.47,153.69
2024/1/8 10:15,158.02,154.2,74.05,1079.72,3682.79,115.0,635.06,155.14,163.47,153.69
2024/1/8 10:30,204.96,107.98,74.05,1374.0,4236.31,134.47,635.06,155.14,163.47,153.69
2024/1/8 10:45,152.33,107.98,74.05,1151.67,4207.41,116.68,635.06,-1.0,163.47,153.69
2024/1/8 11:00,142.34,107.98,91.18,970.23,2769.82,60.94,656.09,144.28,57.29,143.89
2024/1/8 11:15,57.2,107.98,91.18,992.0,1220.09,57.8,656.09,144.28,57.29,143.89
2024/1/8 11:30,55.82,84.23,91.18,966.24,1534.36,86.44,656.09,144.28,57.29,143.89
2024/1/8 11:45,63.26,84.23,91.18,961.49,1973.55,90.16,656.09,144.28,57.29,143.89
2024/1/8 12:00,171.91,89.75,97.5,981.03,3310.52,124.39,645.86,145.2,46.95,133.67
2024/1/8 12:15,53.15,89.75,97.5,1036.22,82283.42,55.0,645.86,145.2,46.95,133.67
2024/1/8 12:30,77.83,96.39,97.5,1063.95,82568.61,113.62,645.86,145.2,46.95,133.67
2024/1/8 12:45,56.53,96.39,97.5,962.0,80000.0,94.5,645.86,145.2,46.95,133.67
2024/1/8 13:00,54.37,121.58,91.05,1217.43,90961.87,61.72,643.03,145.2,142.8,130.16
2024/1/8 13:15,44.91,121.58,91.05,1355.78,90371.23,76.27,643.03,132.0,142.8,130.16
2024/1/8 13:30,39.34,96.82,91.05,1404.21,82595.83,80.16,643.03,132.0,142.8,130.16
2024/1/8 13:45,44.08,96.82,91.05,1298.02,4876.89,79.49,643.03,132.0,142.8,130.16
2024/1/8 14:00,50.3,290.87,87.78,986.54,4544.17,111.76,635.06,-5.0,150.89,140.0
2024/1/8 14:15,58.07,290.87,87.78,1102.3,79933.24,124.54,635.06,140.0,150.89,140.0
2024/1/8 14:30,59.18,297.68,87.78,1305.93,79929.35,133.99,635.06,140.0,150.89,140.0
2024/1/8 14:45,49.63,297.68,87.78,1570.38,5268.93,159.04,635.06,140.0,150.89,60.0
2024/1/8 15:00,31.8,388.02,81.12,1012.31,80000.0,118.58,592.42,148.0,163.7,151.16
2024/1/8 15:15,132.86,388.02,81.12,999.24,5822.0,137.75,592.42,151.17,163.7,151.16
2024/1/8 15:30,132.87,150.19,81.12,1092.08,80000.0,70.21,592.42,151.17,163.7,151.16
2024/1/8 15:45,49.29,150.19,81.12,1293.33,5044.21,68.74,592.42,151.17,163.7,151.16
2024/1/8 16:00,22.09,150.19,75.61,1146.35,5117.14,107.76,593.89,171.92,235.93,169.32
2024/1/8 16:15,40.94,150.19,75.61,1070.15,82089.7,62.58,593.89,171.92,235.93,169.32
2024/1/8 16:30,57.84,,75.61,1445.79,83619.27,54.23,593.89,171.92,235.93,162.42
2024/1/8 16:45,133.14,,75.61,1337.37,96943.09,78.34,593.89,171.92,235.93,163.4
2024/1/8 17:00,129.16,,88.0,1825.47,96737.8,105.22,577.32,171.0,314.55,173.11
2024/1/8 17:15,133.16,,88.0,2422.38,92477.82,104.87,577.32,180.0,314.55,182.29
2024/1/8 17:30,146.44,,88.0,2344.81,86224.81,76.53,577.32,180.0,314.55,182.29
2024/1/8 17:45,73.91,,88.0,1805.66,90622.0,74.39,577.32,171.0,314.55,182.29
2024/1/8 18:00,157.51,22.23,100.41,1158.92,49114.0,74.05,493.26,172.0,168.47,78.0
2024/1/8 18:15,132.83,22.23,100.41,1423.87,49114.0,87.92,493.26,172.0,168.47,78.0
2024/1/8 18:30,130.96,31.78,100.41,1232.93,80000.0,98.28,493.26,172.0,168.47,78.0
2024/1/8 18:45,136.29,31.78,100.41,1287.82,83550.3,73.69,493.26,172.0,168.47,78.0
2024/1/8 19:00,62.17,92.12,102.64,1866.66,85579.45,72.21,493.26,170.87,136.78,170.83
2024/1/8 19:15,68.42,92.12,102.64,1486.25,85812.43,147.6,493.26,170.87,136.78,170.83
2024/1/8 19:30,55.45,92.12,102.64,1316.42,84140.46,134.22,493.26,170.86,136.78,170.83
2024/1/8 19:45,132.91,92.12,102.64,1166.78,84348.7,76.88,493.26,170.87,136.78,170.83
2024/1/8 20:00,140.33,130.25,106.96,1664.69,130993.74,143.52,481.13,171.28,216.0,159.85
2024/1/8 20:15,132.54,130.25,106.96,1678.04,113313.38,131.84,481.13,159.86,216.0,151.67
2024/1/8 20:30,133.07,260.04,106.96,1387.0,100262.39,49.01,481.13,159.86,216.0,148.53
2024/1/8 20:45,132.83,260.04,106.96,1115.57,83655.69,48.87,481.13,159.86,216.0,148.54
2024/1/8 21:00,132.09,100.26,96.9,1560.4,94853.38,37.09,493.26,154.2,161.38,136.05
2024/1/8 21:15,132.45,100.26,96.9,1425.38,89138.5,51.09,493.26,154.2,161.38,135.73
2024/1/8 21:30,64.59,98.53,96.9,1049.91,6214.4,51.0,493.26,143.92,161.38,134.23
2024/1/8 21:45,50.56,98.53,96.9,2599.84,5750.49,-129.95,493.26,-0.9,161.38,133.61
2024/1/8 22:00,125.9,99.56,82.59,1502.72,5942.1,-198.42,493.26,139.94,99.36,130.16
2024/1/8 22:15,131.02,99.56,82.59,1155.05,80000.0,32.38,493.26,139.94,99.36,59.97
2024/1/8 22:30,132.88,125.17,82.59,1356.82,80433.59,6.2,493.26,139.94,99.36,59.97
2024/1/8 22:45,129.78,125.17,82.59,1189.29,80000.0,126.62,493.26,139.94,99.36,59.97
2024/1/8 23:00,130.2,96.24,70.47,1799.25,107171.72,58.41,509.71,132.0,101.5,128.09
2024/1/8 23:15,131.23,96.24,70.47,1851.64,84785.04,55.32,509.71,132.0,101.5,128.09
2024/1/8 23:30,131.47,103.17,70.47,1794.79,84925.52,32.12,509.71,132.0,101.5,54.89
2024/1/8 23:45,126.97,103.17,70.47,1294.3,88938.7,-33.52,509.71,132.0,101.5,54.89
2024/1/9 0:00,132.84,109.22,79.13,1197.64,78230.58,-1849.42,434.18,132.0,145.78,52.45
2024/1/9 0:15,133.19,109.22,79.13,1126.09,7846.0,-310.2,434.18,129.0,145.78,122.37
2024/1/9 0:30,133.03,102.04,79.13,1024.42,5310.78,-4258.52,434.18,129.0,145.78,52.45
2024/1/9 0:45,112.69,102.04,79.13,1374.2,3614.91,27.88,434.18,129.0,145.78,52.45
2024/1/9 1:00,140.92,113.85,74.31,1229.73,68639.0,6256.72,450.21,132.0,138.01,120.74
2024/1/9 1:15,135.92,113.85,74.31,1667.65,63165.0,728.68,450.21,132.0,138.01,120.74
2024/1/9 1:30,133.45,117.98,74.31,1308.3,7601.0,69.96,450.21,129.0,138.01,120.74
2024/1/9 1:45,132.92,117.98,74.31,1041.84,6421.0,54.88,450.21,-5.0,138.01,51.74
2024/1/9 2:00,123.37,115.91,85.42,1038.95,32177.6,54.81,407.99,129.0,133.07,119.0
2024/1/9 2:15,126.0,115.91,85.42,1272.39,63887.69,49.63,407.99,129.0,133.07,119.0
2024/1/9 2:30,120.05,118.04,85.42,1232.11,32177.6,70.46,407.99,132.0,133.07,119.0
2024/1/9 2:45,123.81,118.04,85.42,1295.28,32177.6,60.16,407.99,132.0,133.07,51.0
2024/1/9 3:00,131.02,117.57,83.46,1090.77,62852.57,9.87,437.47,132.0,54.16,117.73
2024/1/9 3:15,113.23,117.57,83.46,889.12,31836.9,-12.18,437.47,129.0,54.16,117.73
2024/1/9 3:30,129.78,119.16,83.46,895.11,31836.9,-44.35,437.47,129.0,54.16,50.45
2024/1/9 3:45,18.58,119.16,83.46,886.9,31836.9,0.25,437.47,132.0,54.16,117.73
2024/1/9 4:00,7.51,33.16,78.37,933.19,4989.85,-35.4,407.99,129.0,62.18,51.03
2024/1/9 4:15,28.44,33.16,78.37,900.61,32241.96,14.23,407.99,129.0,62.18,119.07
2024/1/9 4:30,100.47,83.44,78.37,1251.05,32241.96,20.57,407.99,129.0,62.18,119.07
2024/1/9 4:45,131.14,83.44,78.37,1058.75,7143.21,11.91,407.99,129.0,62.18,119.07
2024/1/9 5:00,131.86,74.14,78.31,-4239.7,7123.0,32.3,407.98,129.0,86.47,125.2
2024/1/9 5:15,133.03,74.14,78.31,-1600.0,5986.0,51.41,407.98,132.0,86.47,125.2
2024/1/9 5:30,132.82,137.59,78.31,986.38,78056.96,54.86,407.98,132.0,86.47,125.2
2024/1/9 5:45,132.97,137.59,78.31,1376.22,5261.82,16.8,407.98,132.0,86.47,125.2
2024/1/9 6:00,133.16,56.28,77.75,-1600.0,7047.59,-54.54,554.42,150.76,0.0,64.19
2024/1/9 6:15,150.17,56.28,77.75,2644.28,93082.03,78.88,554.42,150.76,0.0,64.19
2024/1/9 6:30,194.04,349.87,77.75,2531.86,96719.51,100.65,554.42,150.76,0.0,149.79
2024/1/9 6:45,345.03,349.87,77.75,2086.04,101523.66,128.56,554.42,150.76,0.0,149.79
2024/1/9 7:00,287.93,43.3,93.03,1426.03,4422.0,132.91,601.0,171.3,3.2,170.11
2024/1/9 7:15,161.16,43.3,93.03,1996.63,5200.0,144.33,601.0,171.3,3.2,170.11
2024/1/9 7:30,151.08,280.96,93.03,2342.08,4100.0,157.01,601.0,-1.0,3.2,170.11
2024/1/9 7:45,155.62,280.96,93.03,1580.17,90572.09,154.28,601.0,171.3,3.2,170.11
2024/1/9 8:00,145.16,140.75,103.63,1744.64,342740.22,139.42,646.89,186.11,191.63,185.79
2024/1/9 8:15,167.08,140.75,103.63,2031.6,141848.03,152.07,646.89,-1.0,191.63,185.79
2024/1/9 8:30,354.57,125.15,103.63,1838.1,107507.91,145.56,646.89,180.0,191.63,185.79
2024/1/9 8:45,500.08,125.15,103.63,1451.56,142867.73,159.81,646.89,180.0,191.63,185.79
2024/1/9 9:00,603.99,119.85,109.81,1368.83,213515.81,211.07,677.86,-1.0,188.2,72.51
2024/1/9 9:15,636.54,119.85,109.81,1175.22,223052.9,209.74,677.86,0.0,188.2,72.51
2024/1/9 9:30,998.63,115.23,109.81,1089.29,168010.54,204.23,677.86,0.0,188.2,72.51
2024/1/9 9:45,2158.2,115.23,109.81,2495.08,154319.35,262.12,677.86,-1.0,188.2,72.51
2024/1/9 10:00,1113.13,119.56,86.66,1578.7,5448.82,-6033.49,640.25,157.44,165.52,67.29
2024/1/9 10:15,1266.57,119.56,86.66,1088.52,5768.5,121.08,640.25,-1.0,165.52,67.29
2024/1/9 10:30,535.47,121.05,86.66,1089.58,6862.56,96.72,640.25,-0.5,165.52,67.29
2024/1/9 10:45,1286.07,121.05,86.66,4181.62,5963.12,120.65,640.25,-5.0,165.52,67.29
2024/1/9 11:00,67.17,207.74,83.16,-1600.0,5284.36,123.33,611.54,147.12,183.13,62.88
2024/1/9 11:15,165.36,207.74,83.16,-1600.0,6693.39,123.0,611.54,-0.5,183.13,62.88
2024/1/9 11:30,162.3,216.69,83.16,-1600.0,5112.27,108.72,611.54,-0.5,183.13,62.88
2024/1/9 11:45,62.67,216.69,83.16,-1600.0,3702.73,108.4,611.54,-5.0,183.13,62.88
2024/1/9 12:00,148.67,112.5,93.26,3300.0,4870.83,121.46,590.96,-1.0,167.12,59.6
2024/1/9 12:15,63.36,112.5,93.26,3300.0,84768.4,112.5,590.96,-0.5,167.12,59.6
2024/1/9 12:30,63.64,1.96,93.26,3300.0,79960.37,112.86,590.96,-1.0,167.12,59.6
2024/1/9 12:45,60.12,1.96,93.26,-1600.0,79952.32,91.78,590.96,-5.0,167.12,59.6
2024/1/9 13:00,124.48,114.97,82.62,-1600.0,5224.29,112.91,570.4,-0.5,171.23,59.93
2024/1/9 13:15,68.98,114.97,82.62,3300.0,6277.41,132.86,570.4,-0.5,171.23,59.93
2024/1/9 13:30,69.79,105.79,82.62,3300.0,80000.0,130.13,570.4,-0.5,171.23,59.93
2024/1/9 13:45,116.92,105.79,82.62,-1600.0,3614.85,142.63,570.4,-5.0,171.23,59.93
2024/1/9 14:00,140.85,99.56,92.26,-1600.0,5278.62,106.22,625.24,-5.0,189.26,66.18
2024/1/9 14:15,135.29,99.56,92.26,3300.0,4857.19,109.07,625.24,-0.5,189.26,66.18
2024/1/9 14:30,163.03,102.54,92.26,3300.0,3485.0,111.9,625.24,-0.5,189.26,66.18
2024/1/9 14:45,180.26,102.54,92.26,3300.0,79963.82,121.89,625.24,-1.0,189.26,66.18
2024/1/9 15:00,164.96,40.47,107.72,3300.0,3236.85,139.37,677.86,-1.0,174.8,71.31
2024/1/9 15:15,206.91,40.47,107.72,3300.0,4683.35,75.93,677.86,-0.5,174.8,71.31
2024/1/9 15:30,197.3,40.55,107.72,3300.0,79911.26,71.11,677.86,-0.5,174.8,71.31
2024/1/9 15:45,4475.96,40.55,107.72,3300.0,80000.0,84.69,677.86,-0.5,174.8,71.31
2024/1/9 16:00,50.75,138.25,107.42,-1600.0,5330.04,66.23,642.11,-5.0,200.12,76.75
2024/1/9 16:15,70.57,138.25,107.42,3300.0,5263.0,79.47,642.11,-1.0,200.12,76.75
2024/1/9 16:30,71.12,171.84,107.42,1305.41,5945.0,84.13,642.11,-1.0,200.12,76.75
2024/1/9 16:45,72.71,171.84,107.42,1209.87,8174.0,88.92,642.11,180.5,200.12,179.09
2024/1/9 17:00,68.35,34.85,107.88,1552.14,7286.0,148.34,688.19,-1.0,294.15,82.61
2024/1/9 17:15,72.74,34.85,107.88,1926.82,7894.0,94.6,688.19,192.97,294.15,82.61
2024/1/9 17:30,148.69,209.54,107.88,-1600.0,7544.0,154.32,688.19,0.0,294.15,82.61
2024/1/9 17:45,73.07,209.54,107.88,-1600.0,80000.0,145.92,688.19,0.0,294.15,82.61
2024/1/9 18:00,153.33,178.58,142.16,-1600.0,87813.38,158.54,687.19,187.0,44.93,82.38
2024/1/9 18:15,71.33,178.58,142.16,-1600.0,86315.97,167.75,687.19,184.0,44.93,82.38
2024/1/9 18:30,156.03,228.05,142.16,-1600.0,89857.52,25.21,687.19,192.52,44.93,82.38
2024/1/9 18:45,156.27,228.05,142.16,-4502.45,93431.87,133.41,687.19,187.0,44.93,82.38
2024/1/9 19:00,154.01,266.16,111.28,1154.09,89536.74,74.27,640.25,182.25,62.18,78.04
2024/1/9 19:15,150.21,266.16,111.28,1340.49,88183.25,73.39,640.25,176.0,62.18,78.04
2024/1/9 19:30,130.95,15.52,111.28,3020.36,49262.01,78.94,640.25,182.25,62.18,78.04
2024/1/9 19:45,126.18,15.52,111.28,-1600.0,11111.0,113.84,640.25,158.0,62.18,78.04
2024/1/9 20:00,164.95,247.68,133.2,1237.44,9258.17,75.84,644.15,167.94,70.39,71.77
2024/1/9 20:15,149.47,247.68,133.2,2048.38,9461.05,74.31,644.15,167.94,70.39,71.77
2024/1/9 20:30,144.61,63.22,133.2,-1600.0,8199.47,74.64,644.15,-1.0,70.39,71.77
2024/1/9 20:45,112.83,63.22,133.2,-4079.86,10393.63,78.17,644.15,158.0,70.39,71.77
2024/1/9 21:00,144.48,222.06,79.19,1608.21,-17024.76,80.13,638.99,157.3,37.71,66.62
2024/1/9 21:15,102.63,222.06,79.19,-1600.0,7382.89,71.39,638.99,146.0,37.71,66.62
2024/1/9 21:30,112.29,22.23,79.19,-1789.2,9979.03,59.92,638.99,-1.0,37.71,66.62
2024/1/9 21:45,63.48,22.23,79.19,-1600.0,9991.43,-1008.04,638.99,153.29,37.71,66.62
2024/1/9 22:00,133.59,274.77,74.68,3300.0,13169.04,66.9,619.58,147.95,77.98,147.67
2024/1/9 22:15,65.37,274.77,74.68,-1600.0,39983.51,66.35,619.58,147.95,77.98,63.29
2024/1/9 22:30,114.29,277.94,74.68,-1600.0,80017.0,75.96,619.58,-1.9,77.98,63.29
2024/1/9 22:45,113.87,277.94,74.68,-1600.0,80648.43,75.64,619.58,139.95,77.98,63.29
2024/1/9 23:00,147.69,278.77,64.51,-1925.45,82958.04,82.24,494.34,135.36,136.31,135.0
2024/1/9 23:15,131.18,278.77,64.51,-1600.0,14349.0,70.7,494.34,-1.9,136.31,57.86
2024/1/9 23:30,143.9,42.96,64.51,-1600.0,70447.25,143.03,494.34,135.36,136.31,57.86
2024/1/9 23:45,145.84,42.96,64.51,-1600.0,70095.9,78.22,494.34,127.36,136.31,57.86
2024/1/10 0:00,156.59,230.24,71.83,-1600.0,78759.28,95.23,467.28,-0.9,150.74,124.29
2024/1/10 0:15,158.87,230.24,71.83,-1600.0,7965.0,89.59,467.28,132.0,150.74,53.27
2024/1/10 0:30,148.67,115.54,71.83,-1600.0,6211.0,77.23,467.28,-0.9,150.74,53.27
2024/1/10 0:45,145.4,115.54,71.83,-1600.0,79307.28,71.69,467.28,-0.9,150.74,53.27
2024/1/10 1:00,148.2,166.52,81.95,-1600.0,66418.4,90.64,418.26,132.0,25.87,121.46
2024/1/10 1:15,146.28,166.52,81.95,-1600.0,16543.0,83.84,418.26,-0.9,25.87,52.06
2024/1/10 1:30,139.98,93.22,81.95,-1600.0,13011.0,82.18,418.26,-0.9,25.87,52.06
2024/1/10 1:45,145.71,93.22,81.95,-1600.0,8888.0,74.94,418.26,-0.9,25.87,52.06
2024/1/10 2:00,141.68,156.73,86.36,-1600.0,62590.0,85.02,389.12,132.0,41.24,121.42
2024/1/10 2:15,145.39,156.73,86.36,-1600.0,62584.65,81.78,389.12,129.0,41.24,52.04
2024/1/10 2:30,133.27,85.03,86.36,-1600.0,69645.35,76.63,389.12,132.0,41.24,52.04
2024/1/10 2:45,133.83,85.03,86.36,-1600.0,70680.59,57.39,389.12,-0.9,41.24,52.04
2024/1/10 3:00,145.41,83.48,74.54,-1600.0,32461.06,69.14,411.61,129.0,44.35,51.43
2024/1/10 3:15,141.42,83.48,74.54,-1600.0,7289.0,70.11,411.61,126.0,44.35,51.43
2024/1/10 3:30,140.07,29.27,74.54,-212.81,32461.06,57.4,411.61,126.0,44.35,51.43
2024/1/10 3:45,138.24,29.27,74.54,-249.83,7890.0,49.94,411.61,132.0,44.35,51.43
2024/1/10 4:00,61.36,92.02,76.34,-659.35,7890.0,65.51,455.42,-1.5,45.69,52.4
2024/1/10 4:15,129.47,92.02,76.34,-179.97,33206.3,70.15,455.42,126.0,45.69,52.4
2024/1/10 4:30,138.71,87.7,76.34,-122.3,79126.0,70.11,455.42,132.0,45.69,52.4
2024/1/10 4:45,133.87,87.7,76.34,-993.5,74436.0,89.79,455.42,132.0,45.69,122.26
2024/1/10 5:00,124.81,89.81,82.47,-424.53,5935.71,63.81,597.58,-5.0,47.22,54.36
2024/1/10 5:15,124.95,89.81,82.47,-533.21,34583.27,80.24,597.58,-0.9,47.22,54.36
2024/1/10 5:30,142.93,88.1,82.47,-2.73,72690.1,89.56,597.58,132.0,47.22,54.36
2024/1/10 5:45,140.54,88.1,82.47,3300.0,1166.0,80.72,597.58,132.0,47.22,126.84
2024/1/10 6:00,141.28,35.3,81.1,-711.48,5286.99,40.63,630.17,-5.0,14.18,65.68
2024/1/10 6:15,141.37,35.3,81.1,-1256.62,79731.57,81.53,630.17,155.73,14.18,65.68
2024/1/10 6:30,222.33,95.6,81.1,0.1,79181.88,112.33,630.17,155.73,14.18,153.26
2024/1/10 6:45,201.48,95.6,81.1,3300.0,84569.57,216.91,630.17,155.73,14.18,153.26
2024/1/10 7:00,190.95,33.36,65.33,-1600.0,94367.9,219.84,654.83,181.53,0.0,76.42
2024/1/10 7:15,199.77,33.36,65.33,3300.0,8873.0,355.35,654.83,178.0,0.0,178.32
2024/1/10 7:30,213.54,35.9,65.33,3300.0,8873.0,4707.65,654.83,181.53,0.0,178.32
2024/1/10 7:45,182.29,35.9,65.33,-1600.0,3243.28,2788.44,654.83,178.0,0.0,178.32
2024/1/10 8:00,172.6,165.86,90.09,3300.0,97332.42,1832.92,655.49,-1.0,164.11,84.77
2024/1/10 8:15,254.84,165.86,90.09,3300.0,95827.19,572.41,655.49,193.06,164.11,84.77
2024/1/10 8:30,275.56,311.65,90.09,3300.0,92781.73,695.61,655.49,198.56,164.11,197.81
2024/1/10 8:45,393.41,311.65,90.09,3300.0,3504.53,1173.49,655.49,195.0,164.11,197.81
2024/1/10 9:00,643.81,210.51,123.43,2422.83,117826.31,224.94,654.26,177.04,194.61,182.55
2024/1/10 9:15,364.18,210.51,123.43,1521.06,117871.08,141.88,654.26,-0.9,194.61,182.55
2024/1/10 9:30,273.79,201.81,123.43,2215.2,4924.7,98.69,654.26,-0.9,194.61,78.23
2024/1/10 9:45,226.08,201.81,123.43,-1600.0,3458.35,106.4,654.26,-0.9,194.61,78.23
2024/1/10 10:00,198.22,218.52,104.36,-1600.0,121640.66,98.4,630.16,-0.9,141.16,166.21
2024/1/10 10:15,176.36,218.52,104.36,-1600.0,88796.97,112.11,630.16,-0.9,141.16,166.21
2024/1/10 10:30,188.87,197.94,104.36,-33.8,6643.92,100.25,630.16,-0.9,141.16,166.21
2024/1/10 10:45,157.17,197.94,104.36,-416.48,5050.21,165.04,630.16,-0.9,141.16,166.21
2024/1/10 11:00,204.11,147.33,117.51,-630.57,4877.41,197.93,585.18,-0.9,0.0,152.78
2024/1/10 11:15,193.62,147.33,117.51,-1170.11,2154.22,164.65,585.18,-5.0,0.0,152.78
2024/1/10 11:30,177.03,144.66,117.51,-1028.43,6582.14,174.33,585.18,-2.8,0.0,152.78
2024/1/10 11:45,80.55,144.66,117.51,-931.95,9065.98,122.62,585.18,-5.0,0.0,152.78
2024/1/10 12:00,183.5,205.44,113.25,-781.67,6585.66,-37.74,486.69,-5.0,26.75,142.18
2024/1/10 12:15,215.7,205.44,113.25,-938.24,8025.49,108.49,486.69,-1.0,26.75,142.18
2024/1/10 12:30,177.07,168.24,113.25,-822.72,8756.71,-4.38,486.69,-5.0,26.75,142.18
2024/1/10 12:45,75.88,168.24,113.25,-757.5,10564.93,-7.88,486.69,-5.0,26.75,60.94
2024/1/10 13:00,76.34,113.8,85.06,-783.36,3589.91,-11.13,531.55,-5.0,164.46,64.25
2024/1/10 13:15,76.54,113.8,85.06,-721.91,7610.72,-1.28,531.55,-1.0,164.46,64.25
2024/1/10 13:30,76.87,147.06,85.06,-631.48,10168.13,120.27,531.55,-1.0,164.46,64.25
2024/1/10 13:45,77.54,147.06,85.06,-846.81,10584.93,-2134.63,531.55,-4.0,164.46,64.25
2024/1/10 14:00,72.05,347.22,84.14,-1056.56,10327.75,-1553.91,565.93,-5.0,167.11,68.51
2024/1/10 14:15,78.34,347.22,84.14,-2345.04,14652.01,96.71,565.93,-1.0,167.11,68.51
2024/1/10 14:30,153.41,271.54,84.14,-626.98,81081.72,126.35,565.93,163.21,167.11,68.51
2024/1/10 14:45,168.98,271.54,84.14,-2063.44,81612.28,102.33,565.93,163.21,167.11,68.51
2024/1/10 15:00,152.4,213.19,81.43,-351.53,91017.91,90.64,574.03,-1.0,170.66,74.88
2024/1/10 15:15,159.74,213.19,81.43,-1660.33,90878.91,106.3,574.03,-0.9,170.66,74.88
2024/1/10 15:30,211.69,250.94,81.43,-1465.44,88510.97,150.57,574.03,176.96,170.66,174.72
2024/1/10 15:45,213.91,250.94,81.43,-1322.87,87465.78,174.81,574.03,-0.9,170.66,174.72
2024/1/10 16:00,67.51,140.03,104.85,-747.05,3647.35,31.27,654.83,-5.0,177.67,81.37
2024/1/10 16:15,69.02,140.03,104.85,-843.22,4689.61,49.2,654.83,-1.0,177.67,81.37
2024/1/10 16:30,72.24,99.05,104.85,-528.38,6408.38,78.66,654.83,150.15,177.67,189.85
2024/1/10 16:45,79.48,99.05,104.85,-184.48,7492.9,89.48,654.83,182.0,177.67,189.85
2024/1/10 17:00,81.0,111.77,70.65,-677.93,54394.32,89.39,655.43,191.1,188.76,201.31
2024/1/10 17:15,179.51,111.77,70.65,-565.3,87481.23,100.63,655.43,191.1,188.76,201.31
2024/1/10 17:30,169.68,235.41,70.65,-287.65,106622.92,102.58,655.43,191.1,188.76,201.31
2024/1/10 17:45,83.3,235.41,70.65,-3319.89,92504.21,102.97,655.43,-1.0,188.76,201.31
2024/1/10 18:00,175.36,412.93,85.59,-2365.23,80000.0,84.13,655.43,-5.0,0.0,196.0
2024/1/10 18:15,83.72,412.93,85.59,-3825.59,8174.0,106.3,655.43,191.99,0.0,196.0
2024/1/10 18:30,185.86,301.4,85.59,-243.18,8174.0,30.45,655.43,196.0,0.0,196.0
2024/1/10 18:45,184.92,301.4,85.59,-188.58,8174.0,107.04,655.43,-1.0,0.0,196.0
2024/1/10 19:00,185.04,196.96,97.02,-0.34,8832.0,104.48,654.47,185.01,70.88,79.29
2024/1/10 19:15,181.99,196.96,97.02,-165.56,8832.0,103.93,654.47,181.0,70.88,79.29
2024/1/10 19:30,181.49,65.41,97.02,-433.34,8832.0,120.38,654.47,185.01,70.88,79.29
2024/1/10 19:45,173.33,65.41,97.02,-414.2,6025.0,90.3,654.47,-1.0,70.88,79.29
2024/1/10 20:00,204.38,215.23,95.94,-9.5,84506.77,103.24,630.17,-0.9,43.5,72.0
2024/1/10 20:15,1937.52,215.23,95.94,0.1,89683.54,102.98,630.17,165.0,43.5,72.0
2024/1/10 20:30,179.18,56.78,95.94,-40.19,80314.97,98.13,630.17,-0.9,43.5,72.0
2024/1/10 20:45,178.03,56.78,95.94,-450.27,4997.57,84.85,630.17,163.99,43.5,72.0
2024/1/10 21:00,158.78,240.72,90.08,-2.56,41373.58,110.09,630.16,153.24,158.47,152.88
2024/1/10 21:15,170.68,240.72,90.08,-780.89,4995.43,84.69,630.16,153.24,158.47,152.88
2024/1/10 21:30,168.26,17.53,90.08,-689.54,5430.17,78.68,630.16,150.0,158.47,65.52
2024/1/10 21:45,162.28,17.53,90.08,-1037.51,4989.34,82.34,630.16,-2.99,158.47,65.52
2024/1/10 22:00,173.95,46.95,73.18,-850.22,5577.75,37.37,557.2,146.8,167.66,146.15
2024/1/10 22:15,172.41,46.95,73.18,-596.09,8364.26,42.11,557.2,142.79,167.66,146.15
2024/1/10 22:30,172.25,56.59,73.18,-787.23,-1748.73,-1651.77,557.2,146.8,167.66,62.63
2024/1/10 22:45,163.98,56.59,73.18,-856.57,4505.0,55.71,557.2,-5.0,167.66,62.63
2024/1/10 23:00,158.73,95.0,56.41,2073.71,85509.34,90.75,429.0,-5.0,139.6,133.76
2024/1/10 23:15,149.39,95.0,56.41,3300.0,8440.0,81.24,429.0,-0.9,139.6,57.32
2024/1/10 23:30,146.13,81.68,56.41,3300.0,80470.98,78.53,429.0,-0.9,139.6,57.32
2024/1/10 23:45,162.64,81.68,56.41,3961.89,82665.81,69.57,429.0,-5.0,139.6,57.32
2024/1/11 0:00,159.45,177.01,69.83,8.46,86204.81,166.93,493.43,-1.2,132.79,55.05
2024/1/11 0:15,163.67,177.01,69.83,8.38,83384.86,165.1,493.43,132.0,132.79,55.05
2024/1/11 0:30,156.61,84.26,69.83,9.28,79841.65,76.5,493.43,-1.2,132.79,55.05
2024/1/11 0:45,145.92,84.26,69.83,1.64,77725.33,62.96,493.43,-1.2,132.79,55.05
2024/1/11 1:00,164.26,168.49,44.39,-424.71,77930.9,92.87,461.73,132.0,0.0,53.15
2024/1/11 1:15,161.72,168.49,44.39,10.0,77282.09,72.9,461.73,129.0,0.0,53.15
2024/1/11 1:30,161.56,85.75,44.39,-690.3,77911.91,40.22,461.73,129.0,0.0,53.15
2024/1/11 1:45,160.47,85.75,44.39,-702.91,8651.0,28.73,461.73,129.0,0.0,53.15
2024/1/11 2:00,142.58,85.8,51.11,-525.85,75727.82,84.15,413.85,132.0,47.86,52.35
2024/1/11 2:15,120.25,85.8,51.11,-279.73,63518.0,75.73,413.85,-1.2,47.86,52.35
2024/1/11 2:30,137.72,120.07,51.11,-4.87,79926.01,70.09,413.85,132.0,47.86,52.35
2024/1/11 2:45,127.39,120.07,51.11,-94.36,69031.42,71.12,413.85,129.0,47.86,52.35
2024/1/11 3:00,141.21,106.71,60.2,-174.79,12888.0,79.69,406.79,132.0,50.07,115.33
2024/1/11 3:15,139.91,106.71,60.2,-242.95,14407.0,79.18,406.79,129.0,50.07,49.43
2024/1/11 3:30,146.64,86.08,60.2,-93.96,9976.0,80.16,406.79,129.0,50.07,49.43
2024/1/11 3:45,139.09,86.08,60.2,-111.52,11839.0,76.07,406.79,132.0,50.07,115.33
2024/1/11 4:00,147.22,104.09,72.13,-107.86,13003.0,77.45,418.87,132.0,67.2,49.22
2024/1/11 4:15,147.2,104.09,72.13,-85.16,80521.36,82.52,418.87,132.0,67.2,114.84
2024/1/11 4:30,132.49,105.24,72.13,-63.42,79455.3,92.45,418.87,129.0,67.2,114.84
2024/1/11 4:45,54.02,105.24,72.13,-52.65,88426.08,88.01,418.87,132.0,67.2,114.84
2024/1/11 5:00,136.26,110.07,67.74,-299.33,79231.24,57.54,493.43,132.0,110.12,53.35
2024/1/11 5:15,139.04,110.07,67.74,-585.95,76976.94,83.31,493.43,132.0,110.12,53.35
2024/1/11 5:30,150.57,114.39,67.74,2108.12,88658.38,113.44,493.43,132.0,110.12,124.47
2024/1/11 5:45,141.8,114.39,67.74,3300.0,80002.94,99.6,493.43,132.0,110.12,124.47
2024/1/11 6:00,135.28,30.02,49.65,-1600.0,13368.6,-4.01,598.2,-5.0,47.42,61.76
2024/1/11 6:15,151.26,30.02,49.65,-1600.0,81018.09,81.48,598.2,141.17,47.42,61.76
2024/1/11 6:30,157.12,180.79,49.65,-1600.0,99932.95,164.91,598.2,141.17,47.42,144.1
2024/1/11 6:45,152.2,180.79,49.65,3300.0,113792.57,187.68,598.2,141.17,47.42,144.1
2024/1/11 7:00,147.98,31.91,55.81,-1600.0,96299.86,149.6,599.4,163.05,48.34,70.63
2024/1/11 7:15,79.06,31.91,55.81,-1600.0,88801.25,151.96,599.4,163.05,48.34,164.79
2024/1/11 7:30,70.13,182.66,55.81,3300.0,80000.0,134.74,599.4,157.55,48.34,164.79
2024/1/11 7:45,70.92,182.66,55.81,3300.0,83226.04,152.51,599.4,160.0,48.34,164.79
2024/1/11 8:00,142.11,66.44,78.6,-1600.0,84065.62,186.25,598.21,194.0,170.39,197.4
2024/1/11 8:15,136.19,66.44,78.6,3300.0,19102.47,209.11,598.21,191.9,170.39,197.4
2024/1/11 8:30,121.44,108.74,78.6,3300.0,93959.25,153.13,598.21,0.0,170.39,197.4
2024/1/11 8:45,135.83,108.74,78.6,-1600.0,97959.85,121.66,598.21,0.0,170.39,197.4
2024/1/11 9:00,141.78,109.09,75.16,-1600.0,393670.38,211.75,598.2,180.82,177.81,180.82
2024/1/11 9:15,133.94,109.09,75.16,-1600.0,198649.43,92.19,598.2,0.0,177.81,180.82
2024/1/11 9:30,135.06,110.58,75.16,-4103.69,159573.6,135.9,598.2,-5.0,177.81,180.82
2024/1/11 9:45,131.49,110.58,75.16,-1375.98,159955.73,132.78,598.2,-5.0,177.81,180.82
2024/1/11 10:00,146.48,67.76,75.03,-480.13,188467.38,163.56,598.2,159.11,174.65,159.11
2024/1/11 10:15,135.2,67.76,75.03,-715.26,131276.84,136.23,598.2,-5.0,174.65,159.11
2024/1/11 10:30,128.36,64.04,75.03,-684.55,7651.72,68.86,598.2,-5.0,174.65,159.11
2024/1/11 10:45,54.86,64.04,75.03,-581.26,82126.72,44.46,598.2,-5.0,174.65,159.11
2024/1/11 11:00,131.65,100.13,80.56,-475.0,100005.59,136.38,598.2,-5.0,58.95,149.07
2024/1/11 11:15,130.3,100.13,80.56,-435.42,93562.08,122.25,598.2,-1.0,58.95,149.07
2024/1/11 11:30,128.15,66.53,80.56,-604.55,5132.23,96.67,598.2,-5.0,58.95,149.07
2024/1/11 11:45,127.95,66.53,80.56,-619.34,5948.45,79.4,598.2,-5.0,58.95,149.07
2024/1/11 12:00,129.25,166.38,72.45,-633.59,7308.74,64.81,569.7,136.0,56.42,139.13
2024/1/11 12:15,132.38,166.38,72.45,-551.0,5341.66,81.03,569.7,133.63,56.42,139.13
2024/1/11 12:30,151.87,88.11,72.45,-540.93,8171.48,74.11,569.7,136.0,56.42,59.63
2024/1/11 12:45,157.75,88.11,72.45,-554.89,15255.13,68.76,569.7,139.13,56.42,59.63
2024/1/11 13:00,123.88,92.92,62.19,-2054.96,14704.13,37.01,546.83,138.6,33.36,59.4
2024/1/11 13:15,123.15,92.92,62.19,-761.31,12657.49,66.98,546.83,138.6,33.36,59.4
2024/1/11 13:30,120.0,32.25,62.19,-678.45,17714.36,70.32,546.83,135.0,33.36,59.4
2024/1/11 13:45,120.0,32.25,62.19,-645.04,16482.64,77.93,546.83,118.6,33.36,59.4
2024/1/11 14:00,120.0,41.23,57.34,-1131.16,12698.75,47.11,572.36,145.0,223.65,63.59
2024/1/11 14:15,72.12,41.23,57.34,-1238.15,14484.05,101.38,572.36,145.0,223.65,63.59
2024/1/11 14:30,138.21,40.94,57.34,-2534.54,15859.89,128.55,572.36,145.0,223.65,148.37
2024/1/11 14:45,144.9,40.94,57.34,-10.16,13010.09,138.47,572.36,145.0,223.65,63.59
2024/1/11 15:00,137.92,33.4,45.3,-452.79,16973.72,119.36,565.35,-1.2,208.03,164.75
2024/1/11 15:15,141.58,33.4,45.3,-662.29,14924.25,129.05,565.35,-1.0,208.03,164.75
2024/1/11 15:30,143.34,27.0,45.3,-90.05,79212.82,103.71,565.35,-1.0,208.03,164.75
2024/1/11 15:45,143.39,27.0,45.3,-125.83,80000.0,106.96,565.35,-1.0,208.03,164.75
2024/1/11 16:00,75.89,27.63,51.08,-605.57,14979.26,109.74,565.35,-5.0,174.33,82.85
2024/1/11 16:15,137.76,27.63,51.08,-229.23,16437.15,138.24,565.35,-1.0,174.33,82.85
2024/1/11 16:30,143.11,28.81,51.08,-70.68,87007.21,99.21,565.35,0.0,174.33,82.85
2024/1/11 16:45,144.66,28.81,51.08,-163.9,93267.49,143.04,565.35,192.0,174.33,193.33
2024/1/11 17:00,153.35,30.38,45.99,-272.6,93863.0,140.87,565.35,-1.0,196.3,89.15
2024/1/11 17:15,179.08,30.38,45.99,-1281.93,95125.39,147.66,565.35,189.0,196.3,89.15
2024/1/11 17:30,210.38,25.86,45.99,-55.69,94575.56,164.47,565.35,0.0,196.3,208.01
2024/1/11 17:45,214.28,25.86,45.99,3300.0,90038.69,157.53,565.35,-1.0,196.3,89.15
2024/1/11 18:00,143.6,25.65,74.88,3300.0,89000.0,74.76,548.65,-1.0,232.2,82.55
2024/1/11 18:15,134.53,25.65,74.88,1652.27,91792.73,86.18,548.65,0.0,232.2,192.61
2024/1/11 18:30,142.14,25.32,74.88,1200.86,92645.31,94.42,548.65,0.0,232.2,82.55
2024/1/11 18:45,83.35,25.32,74.88,1156.34,92997.76,93.21,548.65,0.0,232.2,82.55
2024/1/11 19:00,141.1,26.18,92.05,1449.52,91391.24,101.49,480.88,185.23,212.64,185.23
2024/1/11 19:15,138.14,26.18,92.05,2937.33,89364.87,93.97,480.88,177.0,212.64,185.23
2024/1/11 19:30,139.7,35.76,92.05,4166.85,17809.0,78.76,480.88,0.0,212.64,185.23
2024/1/11 19:45,71.55,35.76,92.05,-1995.0,4292.93,70.87,480.88,-5.0,212.64,79.39
2024/1/11 20:00,146.6,163.28,110.45,-1600.0,84291.42,99.08,529.87,-5.0,181.69,167.54
2024/1/11 20:15,133.03,163.28,110.45,-1600.0,82958.92,87.05,529.87,-1.0,181.69,167.54
2024/1/11 20:30,139.47,96.9,110.45,-970.61,12201.22,125.69,529.87,-2.99,181.69,71.8
2024/1/11 20:45,122.99,96.9,110.45,-483.06,7300.28,101.81,529.87,-1.2,181.69,71.8
2024/1/11 21:00,136.01,163.93,72.32,-721.82,86784.09,126.39,440.96,-1.2,189.69,150.07
2024/1/11 21:15,140.1,163.93,72.32,-24.92,84755.3,140.68,440.96,-1.0,189.69,150.07
2024/1/11 21:30,138.54,89.7,72.32,-310.5,10876.78,126.16,440.96,-1.2,189.69,150.07
2024/1/11 21:45,137.76,89.7,72.32,-666.27,9965.21,101.53,440.96,-2.99,189.69,64.31
2024/1/11 22:00,145.91,98.33,66.42,-667.72,11176.33,113.96,279.39,-5.0,164.45,60.0
2024/1/11 22:15,240.1,98.33,66.42,-564.86,11897.73,63.46,279.39,-1.2,164.45,60.0
2024/1/11 22:30,147.64,106.51,66.42,-845.86,12420.03,-27.74,279.39,140.0,164.45,60.0
2024/1/11 22:45,72.74,106.51,66.42,-924.36,12817.59,15.2,279.39,-5.0,164.45,60.0
2024/1/11 23:00,243.94,105.41,61.81,-235.11,10947.71,97.19,294.03,-5.0,127.65,134.57
2024/1/11 23:15,140.27,105.41,61.81,-213.6,13172.0,78.33,294.03,-1.2,127.65,134.57
2024/1/11 23:30,173.56,97.92,61.81,-206.49,13903.0,134.73,294.03,-1.2,127.65,57.67
2024/1/11 23:45,67.38,97.92,61.81,-991.86,16693.89,122.99,294.03,-5.0,127.65,57.67
2024/1/12 0:00,170.14,79.15,60.17,-3099.1,16391.4,130.42,282.22,-5.0,82.64,54.29
2024/1/12 0:15,138.81,79.15,60.17,-12.66,16880.04,111.46,282.22,-1.2,82.64,54.29
2024/1/12 0:30,136.59,14.79,60.17,3300.0,13968.61,129.6,282.22,-1.2,82.64,54.29
2024/1/12 0:45,134.27,14.79,60.17,3300.0,14938.34,49.78,282.22,-5.0,82.64,54.29
2024/1/12 1:00,127.33,80.28,66.46,3300.0,14496.46,123.97,288.11,-5.0,187.65,52.65
2024/1/12 1:15,133.61,80.28,66.46,3300.0,17786.0,72.23,288.11,-1.2,187.65,52.65
2024/1/12 1:30,125.01,83.88,66.46,1317.71,17996.12,121.93,288.11,-5.0,187.65,52.65
2024/1/12 1:45,124.0,83.88,66.46,940.96,18920.74,60.86,288.11,-5.0,187.65,52.65
2024/1/12 2:00,134.65,54.79,70.95,1545.5,18865.0,132.18,343.67,-5.0,181.8,119.77
2024/1/12 2:15,130.67,54.79,70.95,1470.25,19148.0,81.92,343.67,-1.0,181.8,119.77
2024/1/12 2:30,131.28,37.74,70.95,1003.11,19745.0,78.0,343.67,-1.2,181.8,119.77
2024/1/12 2:45,128.49,37.74,70.95,1465.39,19602.0,73.99,343.67,-1.2,181.8,51.33
2024/1/12 3:00,131.04,32.84,71.16,2505.04,63839.0,74.99,405.01,-1.0,156.81,119.01
2024/1/12 3:15,127.62,32.84,71.16,2775.08,19349.0,66.84,405.01,-1.2,156.81,51.01
2024/1/12 3:30,129.96,47.42,71.16,3243.11,12307.58,48.96,405.01,-5.0,156.81,51.01
2024/1/12 3:45,129.03,47.42,71.16,3613.71,13766.82,45.87,405.01,-1.2,156.81,51.01
2024/1/12 4:00,128.84,49.07,86.41,2273.2,13731.48,72.53,409.97,-5.0,87.12,52.15
2024/1/12 4:15,55.16,49.07,86.41,1226.54,15800.07,67.89,409.97,-1.2,87.12,52.15
2024/1/12 4:30,130.64,36.87,86.41,1145.89,8513.0,130.19,409.97,-1.2,87.12,52.15
2024/1/12 4:45,50.31,36.87,86.41,1171.19,60618.0,131.14,409.97,127.99,87.12,52.15
2024/1/12 5:00,52.05,55.12,75.17,-1600.0,7306.03,99.1,474.89,-5.0,112.64,55.52
2024/1/12 5:15,130.01,55.12,75.17,3300.0,9308.7,63.57,474.89,-5.0,112.64,55.52
2024/1/12 5:30,130.59,73.25,75.17,3300.0,8423.18,54.2,474.89,-1.2,112.64,55.52
2024/1/12 5:45,129.11,73.25,75.17,3300.0,10556.86,75.15,474.89,130.0,112.64,129.54
2024/1/12 6:00,129.45,27.81,47.5,3300.0,9832.03,63.05,577.15,-5.0,141.31,63.63
2024/1/12 6:15,133.45,27.81,47.5,3300.0,6317.0,48.84,577.15,-1.2,141.31,63.63
2024/1/12 6:30,138.88,136.71,47.5,1637.08,14873.0,0.0,577.15,152.02,141.31,148.47
2024/1/12 6:45,189.64,136.71,47.5,1466.17,14999.0,198.72,577.15,152.02,141.31,148.47
2024/1/12 7:00,159.48,36.59,45.69,1159.33,16530.0,93.36,586.35,-1.0,173.32,72.75
2024/1/12 7:15,159.66,36.59,45.69,1257.09,17493.97,124.08,586.35,0.0,173.32,72.75
2024/1/12 7:30,146.54,126.43,45.69,1789.57,17450.0,136.65,586.35,0.0,173.32,72.75
2024/1/12 7:45,157.98,126.43,45.69,1622.35,80000.0,145.14,586.35,159.0,173.32,72.75
2024/1/12 8:00,141.0,30.61,65.4,1327.07,86735.4,131.41,584.61,0.0,183.73,84.44
2024/1/12 8:15,156.44,30.61,65.4,1530.61,92357.81,137.75,584.61,0.0,183.73,84.44
2024/1/12 8:30,173.41,28.54,65.4,1228.24,87425.86,149.74,584.61,0.0,183.73,84.44
2024/1/12 8:45,197.36,28.54,65.4,1187.64,86409.92,146.04,584.61,0.0,183.73,84.44
2024/1/12 9:00,69.0,31.54,55.21,1623.92,110585.65,164.53,563.27,-5.0,165.38,80.98
2024/1/12 9:15,142.92,31.54,55.21,1158.72,100881.76,137.94,563.27,0.0,165.38,80.98
2024/1/12 9:30,133.31,50.11,55.21,1467.95,100626.18,142.27,563.27,-5.0,165.38,80.98
2024/1/12 9:45,135.41,50.11,55.21,1822.36,135200.63,125.88,563.27,-5.0,165.38,80.98
2024/1/12 10:00,163.79,152.82,45.82,1520.46,102787.02,148.54,576.86,170.81,161.81,73.21
2024/1/12 10:15,200.25,152.82,45.82,1181.83,95176.42,110.24,576.86,-1.0,161.81,73.21
2024/1/12 10:30,173.24,114.46,45.82,1751.26,16116.61,128.12,576.86,0.0,161.81,73.21
2024/1/12 10:45,159.34,114.46,45.82,1145.36,17313.14,104.6,576.86,0.0,161.81,73.21
2024/1/12 11:00,160.84,111.01,45.0,1405.46,94324.75,245.1,568.54,160.62,145.37,68.84
2024/1/12 11:15,166.28,111.01,45.0,1187.29,95083.52,161.98,568.54,157.0,145.37,68.84
2024/1/12 11:30,178.74,111.26,45.0,1790.85,93732.79,185.21,568.54,160.62,145.37,68.84
2024/1/12 11:45,187.45,111.26,45.0,1340.3,93078.05,158.91,568.54,-1.0,145.37,68.84
2024/1/12 12:00,163.95,143.38,93.04,2054.96,93657.55,0.0,437.69,149.77,140.2,64.19
2024/1/12 12:15,172.9,143.38,93.04,2037.56,92932.65,70.25,437.69,-1.0,140.2,64.19
2024/1/12 12:30,160.45,109.32,93.04,1034.71,91911.71,94.55,437.69,149.77,140.2,64.19
2024/1/12 12:45,150.43,109.32,93.04,1148.97,92523.16,130.43,437.69,-1.0,140.2,64.19
2024/1/12 13:00,163.65,108.58,75.98,2281.02,91477.55,143.77,444.45,-1.0,144.75,144.31
2024/1/12 13:15,152.97,108.58,75.98,1392.24,89852.74,140.79,444.45,-1.0,144.75,61.85
2024/1/12 13:30,167.46,106.99,75.98,1097.19,86892.08,94.37,444.45,-1.0,144.75,61.85
2024/1/12 13:45,154.51,106.99,75.98,-1600.0,89121.71,149.13,444.45,-1.0,144.75,61.85
2024/1/12 14:00,155.42,102.33,59.71,-2886.66,85612.08,119.45,508.24,-1.0,158.74,62.72
2024/1/12 14:15,180.86,102.33,59.71,-1600.0,82263.69,153.14,508.24,-1.0,158.74,62.72
2024/1/12 14:30,207.43,97.16,59.71,-1859.91,82996.69,166.8,508.24,146.35,158.74,62.72
2024/1/12 14:45,210.93,97.16,59.71,-1600.0,85056.84,156.27,508.24,143.0,158.74,62.72
2024/1/12 15:00,162.54,35.86,36.43,-472.32,11000.0,98.8,451.2,-1.0,231.9,154.0
2024/1/12 15:15,150.67,35.86,36.43,4047.65,80345.91,91.57,451.2,-1.0,231.9,66.0
2024/1/12 15:30,151.0,107.17,36.43,3674.44,14110.0,88.25,451.2,-1.0,231.9,154.0
2024/1/12 15:45,157.9,107.17,36.43,3300.0,83668.55,97.78,451.2,149.99,231.9,154.0
2024/1/12 16:00,168.4,40.78,30.93,3300.0,15081.96,102.9,526.22,-5.0,189.67,72.0
2024/1/12 16:15,176.2,40.78,30.93,3300.0,15514.05,145.26,526.22,0.0,189.67,72.0
2024/1/12 16:30,169.89,38.97,30.93,3300.0,12553.0,148.01,526.22,168.0,189.67,72.0
2024/1/12 16:45,191.85,38.97,30.93,3300.0,14789.0,127.98,526.22,168.0,189.67,168.0
2024/1/12 17:00,206.6,40.23,36.57,3300.0,15696.0,82.34,549.01,178.5,176.55,76.5
2024/1/12 17:15,186.48,40.23,36.57,3300.0,18340.0,145.71,549.01,173.0,176.55,178.5
2024/1/12 17:30,173.28,40.22,36.57,3300.0,20207.0,107.27,549.01,0.0,176.55,76.5
2024/1/12 17:45,76.6,40.22,36.57,3300.0,18564.0,107.52,549.01,0.0,176.55,178.5
2024/1/12 18:00,69.71,45.08,63.37,3300.0,12690.91,154.53,560.24,138.6,82.58,75.6
2024/1/12 18:15,70.48,45.08,63.37,1724.35,13781.79,145.31,560.24,138.6,82.58,75.6
2024/1/12 18:30,69.37,42.05,63.37,1400.6,17769.1,161.38,560.24,138.6,82.58,75.6
2024/1/12 18:45,173.0,42.05,63.37,1212.78,17102.9,145.17,560.24,170.0,82.58,75.6
2024/1/12 19:00,169.4,39.62,72.51,1493.93,22198.3,171.29,567.25,163.24,149.88,71.68
2024/1/12 19:15,164.53,39.62,72.51,1405.84,18331.96,154.54,567.25,131.42,149.88,71.68
2024/1/12 19:30,75.72,61.21,72.51,1333.88,17597.82,126.46,567.25,0.0,149.88,71.68
2024/1/12 19:45,74.4,61.21,72.51,1174.41,18675.25,92.67,567.25,-1.0,149.88,71.68
2024/1/12 20:00,266.92,54.87,72.83,1071.25,9370.26,171.78,441.65,148.46,0.0,65.56
2024/1/12 20:15,67.12,54.87,72.83,1270.5,19270.67,142.35,441.65,-1.0,0.0,65.56
2024/1/12 20:30,66.82,54.18,72.83,1278.1,18504.22,122.99,441.65,-1.0,0.0,65.56
2024/1/12 20:45,66.12,54.18,72.83,2007.15,20314.7,109.71,441.65,-5.0,0.0,71.46
2024/1/12 21:00,67.89,101.44,101.8,1078.28,80000.0,81.45,333.34,138.37,73.36,141.02
2024/1/12 21:15,63.32,101.44,101.8,1167.52,80450.54,72.65,333.34,-1.0,73.36,141.02
2024/1/12 21:30,60.65,34.58,101.8,1226.08,21823.5,22.16,333.34,-1.0,73.36,141.02
2024/1/12 21:45,58.92,34.58,101.8,3261.8,18100.01,47.08,333.34,-5.0,73.36,60.44
2024/1/12 22:00,143.7,34.67,68.22,1486.97,14078.16,122.08,376.46,132.0,151.61,134.6
2024/1/12 22:15,72.39,34.67,68.22,1205.22,80564.39,133.4,376.46,-1.2,151.61,134.6
2024/1/12 22:30,153.71,119.66,68.22,1109.58,85245.69,123.68,376.46,129.0,151.61,134.6
2024/1/12 22:45,152.79,119.66,68.22,1888.74,80000.0,125.28,376.46,-1.2,151.61,134.6
2024/1/12 23:00,68.24,34.68,65.48,1145.62,32887.91,73.03,358.71,132.0,145.04,123.62
2024/1/12 23:15,61.91,34.68,65.48,1290.71,18777.0,-1469.9,358.71,-5.0,145.04,123.62
2024/1/12 23:30,62.26,50.61,65.48,913.81,17763.46,-4493.85,358.71,-5.0,145.04,52.98
2024/1/12 23:45,67.9,50.61,65.48,1254.21,14544.3,93.2,358.71,-5.0,145.04,52.98
2024/1/13 0:00,8206.66,95.23,61.14,1646.0,76479.21,141.65,308.83,-1.9,126.27,54.0
2024/1/13 0:15,71.34,95.23,61.14,1091.95,69447.8,143.97,308.83,132.0,126.27,54.0
2024/1/13 0:30,70.0,90.47,61.14,1315.08,63821.0,69.81,308.83,129.0,126.27,54.0
2024/1/13 0:45,62.38,90.47,61.14,1462.33,7437.01,41.19,308.83,-1.9,126.27,54.0
2024/1/13 1:00,68.41,39.13,75.93,3300.0,77710.03,123.25,301.75,129.0,187.65,118.62
2024/1/13 1:15,67.28,39.13,75.93,3300.0,32064.76,104.25,301.75,-1.9,187.65,50.84
2024/1/13 1:30,142.99,67.61,75.93,3300.0,8955.0,127.73,301.75,-1.9,187.65,50.84
2024/1/13 1:45,141.97,67.61,75.93,3300.0,6893.0,114.71,301.75,-1.9,187.65,50.84
2024/1/13 2:00,143.24,51.61,85.33,3300.0,77076.0,140.19,301.75,132.0,127.14,114.8
2024/1/13 2:15,140.72,51.61,85.33,3300.0,63989.0,135.03,301.75,-1.9,127.14,49.2
2024/1/13 2:30,143.95,50.75,85.33,3300.0,10000.0,124.95,301.75,-1.9,127.14,49.2
2024/1/13 2:45,138.7,50.75,85.33,3300.0,11481.0,107.06,301.75,-5.0,127.14,49.2
2024/1/13 3:00,137.89,34.6,80.59,3300.0,66788.0,133.76,301.75,129.0,177.9,109.86
2024/1/13 3:15,136.97,34.6,80.59,3300.0,66652.0,134.96,301.75,-1.9,177.9,109.86
2024/1/13 3:30,58.25,152.28,80.59,3300.0,13250.0,134.17,301.75,-1.9,177.9,109.86
2024/1/13 3:45,63.8,152.28,80.59,-1600.0,10122.0,105.69,301.75,-2.0,177.9,109.86
2024/1/13 4:00,44.7,123.53,70.15,-1600.0,11117.05,64.14,281.76,-5.0,38.94,45.0
2024/1/13 4:15,61.89,123.53,70.15,-1600.0,13210.0,126.95,281.76,-1.9,38.94,105.0
2024/1/13 4:30,56.67,82.09,70.15,-1600.0,15708.0,127.81,281.76,-1.9,38.94,105.0
2024/1/13 4:45,57.14,82.09,70.15,-1600.0,18123.0,97.24,281.76,-1.9,38.94,105.0
2024/1/13 5:00,130.69,84.57,72.93,-1600.0,15208.0,30.55,301.75,-5.0,185.25,45.86
2024/1/13 5:15,37.21,84.57,72.93,-1600.0,15389.0,43.25,301.75,-5.0,185.25,45.86
2024/1/13 5:30,129.11,91.75,72.93,-210.92,7777.0,61.3,301.75,-1.9,185.25,45.86
2024/1/13 5:45,126.73,91.75,72.93,-246.11,8939.73,72.95,301.75,127.99,185.25,45.86
2024/1/13 6:00,129.19,85.49,61.83,-765.92,10853.69,25.84,301.75,-5.0,29.19,49.75
2024/1/13 6:15,128.53,85.49,61.83,-268.03,14036.57,71.36,301.75,127.99,29.19,49.75
2024/1/13 6:30,56.49,80.65,61.83,-741.09,10736.0,77.89,301.75,127.99,29.19,116.09
2024/1/13 6:45,42.06,80.65,61.83,-177.64,7040.0,81.54,301.75,127.99,29.19,116.09
2024/1/13 7:00,21.4,38.87,53.29,-1098.21,6893.9,13.15,349.85,-5.0,6.45,50.46
2024/1/13 7:15,44.26,38.87,53.29,-1600.0,11147.74,42.16,349.85,-1.9,6.45,50.46
2024/1/13 7:30,40.03,137.14,53.29,-1600.0,12930.57,57.22,349.85,124.0,6.45,50.46
2024/1/13 7:45,51.7,137.14,53.29,-1600.0,8422.0,86.35,349.85,132.0,6.45,117.74
2024/1/13 8:00,75.69,28.1,54.58,3300.0,10807.0,102.05,443.52,-1.9,1.18,54.91
2024/1/13 8:15,68.97,28.1,54.58,3300.0,9059.0,102.05,443.52,-1.9,1.18,128.11
2024/1/13 8:30,44.07,81.52,54.58,-56.05,9998.34,85.81,443.52,127.99,1.18,128.11
2024/1/13 8:45,132.83,81.52,54.58,-1064.18,10892.51,128.65,443.52,132.0,1.18,128.11
2024/1/13 9:00,135.96,212.37,34.23,-3301.26,79915.29,37.26,445.16,132.0,0.0,122.19
2024/1/13 9:15,135.84,212.37,34.23,-199.08,13106.32,62.8,445.16,132.0,0.0,122.19
2024/1/13 9:30,154.79,101.35,34.23,-938.09,14710.73,112.72,445.16,127.99,0.0,122.19
2024/1/13 9:45,125.6,101.35,34.23,-548.4,15992.76,102.12,445.16,127.99,0.0,122.19
2024/1/13 10:00,126.22,161.95,35.07,-24.99,11941.53,125.75,444.56,132.0,151.94,117.43
2024/1/13 10:15,135.47,161.95,35.07,-8.34,84769.03,124.06,444.56,132.0,151.94,117.43
2024/1/13 10:30,149.08,135.79,35.07,-445.49,79885.68,123.03,444.56,132.0,151.94,117.43
2024/1/13 10:45,150.45,135.79,35.07,-202.49,77304.07,124.88,444.56,132.0,151.94,117.43
2024/1/13 11:00,148.34,150.16,36.54,-330.93,123948.73,124.7,444.78,132.0,218.7,46.13
2024/1/13 11:15,184.58,150.16,36.54,-544.62,83371.3,124.25,444.78,132.0,218.7,46.13
2024/1/13 11:30,205.08,167.37,36.54,-567.88,76545.38,124.2,444.78,127.99,218.7,46.13
2024/1/13 11:45,125.25,167.37,36.54,-635.51,85589.71,114.81,444.78,127.99,218.7,46.13
2024/1/13 12:00,462.06,181.87,69.6,-537.12,104223.33,135.41,445.8,132.0,106.33,42.84
2024/1/13 12:15,195.79,181.87,69.6,-553.96,105011.34,138.97,445.8,132.0,106.33,42.84
2024/1/13 12:30,198.33,217.57,69.6,-1091.79,104669.72,131.36,445.8,-1.9,106.33,42.84
2024/1/13 12:45,186.99,217.57,69.6,-165.0,100233.94,129.53,445.8,-1.9,106.33,42.84
2024/1/13 13:00,180.86,226.21,72.14,-2403.78,103082.14,79.76,445.81,132.0,134.74,42.83
2024/1/13 13:15,163.12,226.21,72.14,-3930.72,97034.44,78.84,445.81,-1.9,134.74,42.83
2024/1/13 13:30,178.96,235.37,72.14,-150.21,84697.23,127.08,445.81,0.0,134.74,42.83
2024/1/13 13:45,126.04,235.37,72.14,-150.0,87472.8,125.44,445.81,0.0,134.74,42.83
2024/1/13 14:00,129.24,218.42,82.03,-254.55,4127.0,119.96,445.18,-1.0,156.07,118.54
2024/1/13 14:15,140.97,218.42,82.03,-562.42,76276.8,140.77,445.18,132.0,156.07,50.8
2024/1/13 14:30,146.97,195.8,82.03,0.1,67012.27,139.82,445.18,132.0,156.07,50.8
2024/1/13 14:45,145.37,195.8,82.03,4576.19,64486.0,120.37,445.18,132.0,156.07,118.54
2024/1/13 15:00,124.0,233.55,66.21,-940.45,6107.56,30.92,444.1,-5.0,136.66,137.48
2024/1/13 15:15,138.59,233.55,66.21,-10.13,5832.3,103.05,444.1,0.0,136.66,137.48
2024/1/13 15:30,145.71,164.46,66.21,3300.0,67712.09,1583.75,444.1,132.0,136.66,137.48
2024/1/13 15:45,160.52,164.46,66.21,3300.0,78333.04,2355.69,444.1,132.0,136.66,137.48
2024/1/13 16:00,-26.65,133.4,75.9,-1600.0,79622.47,90.21,444.09,-5.0,147.51,64.22
2024/1/13 16:15,135.4,133.4,75.9,3300.0,8744.0,111.44,444.09,-5.0,147.51,149.86
2024/1/13 16:30,134.73,58.13,75.9,2038.63,76254.88,126.98,444.09,148.23,147.51,149.86
2024/1/13 16:45,134.39,58.13,75.9,2272.0,79889.19,149.0,444.09,148.23,147.51,149.86
2024/1/13 17:00,134.45,17.86,68.64,1555.23,79888.27,84.73,442.92,141.16,185.63,64.01
2024/1/13 17:15,144.17,17.86,68.64,1305.76,79891.02,71.81,442.92,-0.2,185.63,64.01
2024/1/13 17:30,131.78,97.33,68.64,1416.97,79253.29,66.71,442.92,-0.2,185.63,64.01
2024/1/13 17:45,144.8,97.33,68.64,1178.62,45504.43,94.09,442.92,-5.0,185.63,64.01
2024/1/13 18:00,44.8,102.3,77.06,1957.88,79569.33,140.85,443.52,137.68,274.8,63.64
2024/1/13 18:15,128.55,102.3,77.06,1576.8,80120.77,84.43,443.52,137.68,274.8,63.64
2024/1/13 18:30,131.63,132.03,77.06,3300.0,78625.0,124.39,443.52,-0.2,274.8,63.64
2024/1/13 18:45,143.78,132.03,77.06,3300.0,44503.0,126.01,443.52,-0.2,274.8,63.64
2024/1/13 19:00,144.63,113.41,75.69,3300.0,9876.0,148.19,382.45,135.93,72.33,62.56
2024/1/13 19:15,133.54,113.41,75.69,-1600.0,79536.4,136.26,382.45,-0.2,72.33,145.96
2024/1/13 19:30,24.9,125.71,75.69,-1600.0,44643.35,114.07,382.45,-5.0,72.33,62.56
2024/1/13 19:45,38.42,125.71,75.69,-1971.29,10200.0,38.73,382.45,-0.2,72.33,62.56
2024/1/13 20:00,201.88,126.89,77.48,3300.0,91576.82,62.35,367.02,132.0,49.99,133.94
2024/1/13 20:15,1.91,126.89,77.48,-4104.7,72585.53,5.0,367.02,132.0,49.99,57.4
2024/1/13 20:30,107.35,30.19,77.48,3300.0,43182.93,-4.73,367.02,-1.9,49.99,57.4
2024/1/13 20:45,113.08,30.19,77.48,-1600.0,43182.93,27.07,367.02,-5.0,49.99,57.4
2024/1/13 21:00,-23.98,127.15,68.39,3300.0,73399.28,121.47,349.86,132.0,44.91,52.14
2024/1/13 21:15,-14.19,127.15,68.39,3300.0,80227.2,105.49,349.86,124.0,44.91,52.14
2024/1/13 21:30,114.12,34.72,68.39,3300.0,38505.79,93.67,349.86,132.0,44.91,52.14
2024/1/13 21:45,110.98,34.72,68.39,3300.0,38505.79,62.63,349.86,-5.0,44.91,52.14
2024/1/13 22:00,122.15,140.98,71.75,3300.0,84712.97,131.14,301.75,132.0,29.33,42.97
2024/1/13 22:15,115.09,140.98,71.75,3300.0,77981.45,110.87,301.75,132.0,29.33,42.97
2024/1/13 22:30,126.55,138.49,71.75,1377.31,71456.59,87.61,301.75,-1.9,29.33,42.97
2024/1/13 22:45,126.28,138.49,71.75,1438.28,10849.0,85.31,301.75,-5.0,29.33,42.97
2024/1/13 23:00,-5.43,32.22,53.92,1388.12,71235.17,67.89,299.63,-5.0,9.55,41.99
2024/1/13 23:15,110.27,32.22,53.92,885.19,86481.3,77.87,299.63,-5.0,9.55,41.99
2024/1/13 23:30,107.24,23.9,53.92,1363.79,62080.0,-31.24,299.63,-5.0,9.55,41.99
2024/1/13 23:45,104.0,23.9,53.92,4337.84,10000.0,32.88,299.63,-5.0,9.55,41.99
2024/1/14 0:00,132.7,160.84,68.31,925.88,11304.0,-82.92,340.71,132.0,0.0,41.63
2024/1/14 0:15,134.54,160.84,68.31,1131.54,62552.0,-44.18,340.71,132.0,0.0,97.13
2024/1/14 0:30,-71.56,50.0,68.31,1971.44,13822.56,-69.84,340.71,132.0,0.0,41.63
2024/1/14 0:45,-87.82,50.0,68.31,-3979.68,3438.88,-92.05,340.71,-5.0,0.0,41.63
2024/1/14 1:00,-86.85,60.18,68.39,2753.65,57578.0,-39.07,342.08,132.0,95.07,94.19
2024/1/14 1:15,28.99,60.18,68.39,3300.0,74941.0,81.89,342.08,-1.9,95.07,40.37
2024/1/14 1:30,113.63,125.28,68.39,3300.0,79777.17,112.09,342.08,0.0,95.07,40.37
2024/1/14 1:45,118.85,125.28,68.39,3300.0,4987.0,92.18,342.08,-1.9,95.07,40.37
2024/1/14 2:00,138.74,124.51,52.64,3300.0,6184.0,54.0,340.71,132.0,92.99,93.27
2024/1/14 2:15,114.91,124.51,52.64,3300.0,7653.63,88.03,340.71,-1.0,92.99,93.27
2024/1/14 2:30,109.49,84.66,52.64,3300.0,9589.97,50.0,340.71,-1.9,92.99,39.97
2024/1/14 2:45,114.63,84.66,52.64,3300.0,15232.43,88.6,340.71,132.0,92.99,39.97
2024/1/14 3:00,114.47,115.86,38.32,3300.0,8887.35,98.99,340.7,132.0,85.66,39.67
2024/1/14 3:15,114.71,115.86,38.32,3300.0,11564.57,93.26,340.7,-1.9,85.66,39.67
2024/1/14 3:30,114.5,104.07,38.32,1505.46,13529.28,107.04,340.7,-1.9,85.66,39.67
2024/1/14 3:45,109.05,104.07,38.32,1865.45,16843.66,88.17,340.7,-1.9,85.66,39.67
2024/1/14 4:00,116.84,119.28,32.84,942.51,15839.5,114.38,340.29,-5.0,89.08,39.82
2024/1/14 4:15,115.31,119.28,32.84,967.96,19030.0,83.6,340.29,-1.9,89.08,39.82
2024/1/14 4:30,122.38,50.55,32.84,941.83,19310.0,86.25,340.29,-1.9,89.08,39.82
2024/1/14 4:45,132.58,50.55,32.84,860.31,25035.78,60.86,340.29,-1.9,89.08,92.9
2024/1/14 5:00,121.77,54.14,26.89,870.03,65028.0,121.48,340.29,-1.9,86.42,40.45
2024/1/14 5:15,130.28,54.14,26.89,881.77,64777.55,74.61,340.29,-1.9,86.42,94.37
2024/1/14 5:30,164.04,53.43,26.89,844.29,61805.02,60.86,340.29,-1.9,86.42,94.37
2024/1/14 5:45,130.21,53.43,26.89,1024.9,1200.17,74.25,340.29,-1.9,86.42,40.45
2024/1/14 6:00,-134.83,52.17,19.72,797.8,3985.2,83.07,301.56,-5.0,61.74,40.8
2024/1/14 6:15,109.73,52.17,19.72,821.48,3132.0,89.67,301.56,-5.0,61.74,40.8
2024/1/14 6:30,-59.12,40.74,19.72,823.95,3921.7,-69.71,301.56,-5.0,61.74,40.8
2024/1/14 6:45,118.78,40.74,19.72,830.2,4492.79,107.68,301.56,-5.0,61.74,95.2
2024/1/14 7:00,149.87,51.89,16.87,941.85,3245.0,143.44,342.09,-5.0,28.71,43.46
2024/1/14 7:15,148.53,51.89,16.87,1004.9,3657.0,148.65,342.09,-1.9,28.71,43.46
2024/1/14 7:30,150.35,51.36,16.87,1130.62,4446.0,150.36,342.09,-1.9,28.71,43.46
2024/1/14 7:45,169.38,51.36,16.87,1475.21,2283.0,141.4,342.09,-1.9,28.71,101.42
2024/1/14 8:00,144.27,47.87,44.71,3300.0,77469.0,132.96,357.29,-1.9,114.64,46.22
2024/1/14 8:15,145.42,47.87,44.71,3300.0,76464.4,135.38,357.29,-1.9,114.64,46.22
2024/1/14 8:30,158.48,46.32,44.71,3300.0,6085.79,29.3,357.29,132.0,114.64,107.86
2024/1/14 8:45,-39.04,46.32,44.71,-1600.0,3315.96,105.5,357.29,132.0,114.64,107.86
2024/1/14 9:00,-63.4,11.89,25.26,-1600.0,3319.99,116.79,340.7,132.0,52.09,49.57
2024/1/14 9:15,140.21,11.89,25.26,-1600.0,3918.92,125.61,340.7,108.0,52.09,115.67
2024/1/14 9:30,141.7,82.35,25.26,-1600.0,4599.84,120.1,340.7,132.0,52.09,115.67
2024/1/14 9:45,139.95,82.35,25.26,-1207.54,3497.53,85.54,340.7,108.0,52.09,115.67
2024/1/14 10:00,15.89,81.99,47.25,-1048.14,6073.43,108.03,340.7,132.0,31.07,116.07
2024/1/14 10:15,-11.53,81.99,47.25,-1406.83,5046.95,105.83,340.7,108.0,31.07,116.07
2024/1/14 10:30,138.6,83.01,47.25,-1372.7,68.82,97.22,340.7,132.0,31.07,116.07
2024/1/14 10:45,139.51,83.01,47.25,-1117.5,-26192.35,85.54,340.7,132.0,31.07,116.07
2024/1/14 11:00,138.83,107.9,63.77,-807.5,-906.88,113.33,301.57,132.0,39.49,115.22
2024/1/14 11:15,137.82,107.9,63.77,-704.34,-32698.92,101.0,301.57,132.0,39.49,115.22
2024/1/14 11:30,39.19,107.1,63.77,-782.96,89167.19,109.3,301.57,132.0,39.49,115.22
2024/1/14 11:45,-10.67,107.1,63.77,-35.9,94203.78,134.0,301.57,132.0,39.49,115.22
2024/1/14 12:00,137.01,132.63,75.28,-611.14,88721.43,3.82,340.71,132.0,36.79,112.98
2024/1/14 12:15,136.76,132.63,75.28,0.1,99069.89,18.64,340.71,132.0,36.79,112.98
2024/1/14 12:30,137.05,109.49,75.28,0.1,98943.82,47.02,340.71,132.0,36.79,112.98
2024/1/14 12:45,-138.18,109.49,75.28,3300.0,116238.88,100.04,340.71,132.0,36.79,112.98
2024/1/14 13:00,136.11,100.78,67.19,-4540.13,98240.79,129.91,301.56,132.0,46.58,107.86
2024/1/14 13:15,135.83,100.78,67.19,-3638.9,100103.09,128.85,301.56,132.0,46.58,107.86
2024/1/14 13:30,135.34,102.77,67.19,-3025.79,99142.36,127.83,301.56,132.0,46.58,46.22
2024/1/14 13:45,134.4,102.77,67.19,-1600.42,97196.13,112.16,301.56,132.0,46.58,46.22
2024/1/14 14:00,132.24,65.16,64.77,-153.42,-999.0,128.83,341.36,-5.0,116.47,110.81
2024/1/14 14:15,-6.56,65.16,64.77,-2.77,1382.8,130.22,341.36,0.0,116.47,110.81
2024/1/14 14:30,-59.93,65.78,64.77,3307.82,2191.69,79.17,341.36,0.0,116.47,110.81
2024/1/14 14:45,8.57,65.78,64.77,3300.0,5954.71,-1.95,341.36,132.0,116.47,47.49
2024/1/14 15:00,130.44,65.58,67.22,3300.0,3036.48,-26.21,340.7,-5.0,45.18,115.25
2024/1/14 15:15,128.82,65.58,67.22,3300.0,5837.58,72.43,340.7,0.0,45.18,115.25
2024/1/14 15:30,131.71,73.17,67.22,3300.0,68013.0,132.13,340.7,132.0,45.18,115.25
2024/1/14 15:45,163.46,73.17,67.22,3300.0,97665.51,87.51,340.7,132.0,45.18,115.25
2024/1/14 16:00,-97.88,101.2,69.04,3300.0,6047.44,92.22,317.7,-5.0,202.65,121.27
2024/1/14 16:15,131.42,101.2,69.04,3300.0,5775.39,7.35,317.7,-0.2,202.65,121.27
2024/1/14 16:30,131.03,111.05,69.04,3300.0,5970.11,131.02,317.7,0.0,202.65,121.27
2024/1/14 16:45,142.11,111.05,69.04,2816.64,6799.0,139.62,317.7,132.0,202.65,121.27
2024/1/14 17:00,130.3,126.4,65.68,1205.11,77072.0,123.45,317.7,-0.2,59.73,128.6
2024/1/14 17:15,130.25,126.4,65.68,926.63,77126.0,87.94,317.7,0.0,59.73,128.6
2024/1/14 17:30,130.54,118.08,65.68,967.48,7989.0,130.0,317.7,0.0,59.73,128.6
2024/1/14 17:45,130.25,118.08,65.68,973.33,77067.03,129.75,317.7,132.0,59.73,128.6
2024/1/14 18:00,139.45,125.9,71.78,2024.04,4750.0,77.43,316.1,-5.0,27.97,136.75
2024/1/14 18:15,128.31,125.9,71.78,2279.66,76570.0,107.41,316.1,-0.2,27.97,136.75
2024/1/14 18:30,129.38,128.42,71.78,2225.3,76279.0,103.38,316.1,136.43,27.97,136.75
2024/1/14 18:45,38.45,128.42,71.78,1619.79,77850.0,97.92,316.1,-5.0,27.97,136.75
2024/1/14 19:00,124.0,122.06,90.47,977.82,10687.7,131.85,301.56,132.0,0.0,125.54
2024/1/14 19:15,19.28,122.06,90.47,894.33,33953.83,111.58,301.56,132.0,0.0,125.54
2024/1/14 19:30,33.98,123.05,90.47,1280.73,64732.0,97.04,301.56,132.0,0.0,125.54
2024/1/14 19:45,32.04,123.05,90.47,1591.55,61968.68,80.63,301.56,108.0,0.0,125.54
2024/1/14 20:00,131.23,109.68,88.75,933.14,59572.86,126.72,315.49,132.0,47.91,115.08
2024/1/14 20:15,128.87,109.68,88.75,1229.01,59167.0,117.3,315.49,132.0,47.91,107.65
2024/1/14 20:30,152.5,66.65,88.75,1302.47,12373.91,127.87,315.49,132.0,47.91,108.06
2024/1/14 20:45,139.45,66.65,88.75,1531.1,3999.0,97.65,315.49,-1.9,47.91,106.86
2024/1/14 21:00,131.65,45.71,63.82,846.61,6337.43,116.11,340.7,132.0,32.5,111.8
2024/1/14 21:15,124.98,45.71,63.82,989.94,11223.34,98.62,340.7,-1.9,32.5,111.8
2024/1/14 21:30,143.38,30.83,63.82,1381.77,12562.25,83.47,340.7,-5.0,32.5,47.92
2024/1/14 21:45,126.7,30.83,63.82,2678.03,15901.49,83.2,340.7,-5.0,32.5,47.92
2024/1/14 22:00,156.96,51.62,69.23,1127.67,17672.96,136.28,357.29,132.0,30.48,107.62
2024/1/14 22:15,143.77,51.62,69.23,1256.04,13324.11,108.32,357.29,-1.9,30.48,107.62
2024/1/14 22:30,142.72,64.46,69.23,864.15,13271.96,84.23,357.29,-5.0,30.48,46.12
2024/1/14 22:45,43.34,64.46,69.23,858.88,17884.49,74.67,357.29,-5.0,30.48,46.12
2024/1/14 23:00,122.53,21.66,54.7,888.57,16570.15,137.36,340.7,132.0,18.87,95.52
2024/1/14 23:15,118.2,21.66,54.7,807.91,15386.66,113.54,340.7,132.0,18.87,40.94
2024/1/14 23:30,120.69,24.63,54.7,798.36,15786.43,79.92,340.7,132.0,18.87,40.94
2024/1/14 23:45,118.2,24.63,54.7,1533.52,13268.39,61.9,340.7,132.0,18.87,40.94
2024/1/15 0:00,123.84,87.7,33.72,1015.11,67399.0,120.19,341.04,132.0,99.12,99.3
2024/1/15 0:15,8.42,87.7,33.72,901.34,64784.98,120.12,341.04,132.0,99.12,99.3
2024/1/15 0:30,119.6,41.81,33.72,961.33,64787.74,120.24,341.04,-1.0,99.12,99.3
2024/1/15 0:45,108.43,41.81,33.72,814.68,11995.54,87.4,341.04,-5.0,99.12,42.56
2024/1/15 1:00,119.34,44.44,67.0,857.54,11035.24,12.56,300.0,132.0,95.23,93.95
2024/1/15 1:15,110.36,44.44,67.0,794.61,25341.38,88.29,300.0,-5.0,95.23,93.95
2024/1/15 1:30,115.58,51.75,67.0,788.33,7986.25,102.47,300.0,-1.0,95.23,93.95
2024/1/15 1:45,106.79,51.75,67.0,971.05,6159.16,53.62,300.0,-5.0,95.23,93.95
2024/1/15 2:00,111.98,64.67,56.73,888.23,9140.16,22.15,266.46,-5.0,93.48,90.57
2024/1/15 2:15,18.64,64.67,56.73,1014.15,11651.4,19.01,266.46,-5.0,93.48,90.57
2024/1/15 2:30,106.34,57.02,56.73,835.64,9886.44,86.35,266.46,-5.0,93.48,90.57
2024/1/15 2:45,107.34,57.02,56.73,789.63,1133.9,86.85,266.46,-5.0,93.48,90.57
2024/1/15 3:00,18.75,45.57,63.26,1290.23,9296.12,114.09,266.46,-1.0,83.6,86.86
2024/1/15 3:15,19.26,45.57,63.26,1205.88,11997.0,103.44,266.46,0.0,83.6,86.86
2024/1/15 3:30,19.54,49.67,63.26,899.45,11895.69,90.18,266.46,0.0,83.6,86.86
2024/1/15 3:45,18.97,49.67,63.26,782.54,11900.32,71.47,266.46,-1.0,83.6,86.86
2024/1/15 4:00,20.26,32.66,57.2,895.68,5934.94,70.79,266.46,-5.0,95.07,37.55
2024/1/15 4:15,113.84,32.66,57.2,1134.58,7772.77,22.49,266.46,-1.0,95.07,87.61
2024/1/15 4:30,121.68,68.65,57.2,1924.81,15002.0,7.82,266.46,132.0,95.07,87.61
2024/1/15 4:45,112.25,68.65,57.2,1657.93,7191.0,-77.05,266.46,-1.0,95.07,37.55
2024/1/15 5:00,103.87,49.61,66.12,-1577.5,3918.25,23.0,312.37,-5.0,116.02,101.91
2024/1/15 5:15,123.66,49.61,66.12,1126.17,63517.18,50.38,312.37,-1.0,116.02,101.91
2024/1/15 5:30,133.05,97.19,66.12,1646.1,63204.13,68.18,312.37,132.0,116.02,101.91
2024/1/15 5:45,175.26,97.19,66.12,1658.26,64190.21,72.44,312.37,132.0,116.02,98.13
2024/1/15 6:00,149.41,45.69,23.29,1715.08,9025.38,29.49,319.32,-5.0,139.69,55.52
2024/1/15 6:15,150.59,45.69,23.29,2251.51,61467.49,70.25,319.32,-1.0,139.69,55.52
2024/1/15 6:30,306.87,111.32,23.29,2073.36,73764.07,73.06,319.32,132.0,139.69,129.56
2024/1/15 6:45,182.94,111.32,23.29,1772.02,75269.42,49.25,319.32,132.0,139.69,129.56
2024/1/15 7:00,120.37,41.63,55.29,1323.05,83429.03,44.09,414.4,-5.0,153.93,153.45
2024/1/15 7:15,138.75,41.63,55.29,1272.75,15468.0,78.6,414.4,170.0,153.93,153.45
2024/1/15 7:30,165.67,35.01,55.29,1482.92,12667.0,5.22,414.4,0.0,153.93,153.45
2024/1/15 7:45,154.82,35.01,55.29,1197.33,14105.22,136.38,414.4,170.0,153.93,153.45
2024/1/15 8:00,143.3,13.8,77.65,1077.76,14620.57,136.38,412.2,-1.0,173.95,144.73
2024/1/15 8:15,171.18,13.8,77.65,1235.43,13784.37,137.56,412.2,-1.0,173.95,144.73
2024/1/15 8:30,177.05,8.35,77.65,1118.36,13907.62,138.6,412.2,-1.0,173.95,144.73
2024/1/15 8:45,195.33,8.35,77.65,1153.93,12933.36,88.24,412.2,-1.0,173.95,144.73
2024/1/15 9:00,67.69,8.38,84.23,1013.46,80028.67,140.43,456.44,139.93,154.28,141.53
2024/1/15 9:15,140.74,8.38,84.23,1054.58,73928.33,113.3,456.44,-1.0,154.28,141.53
2024/1/15 9:30,135.34,13.47,84.23,1018.8,17194.34,109.17,456.44,-1.0,154.28,141.53
2024/1/15 9:45,124.0,13.47,84.23,977.79,14800.07,96.47,456.44,-1.0,154.28,141.53
2024/1/15 10:00,139.04,20.23,82.81,1049.87,15451.06,139.16,456.44,132.31,140.46,57.44
2024/1/15 10:15,137.53,20.23,82.81,1258.02,16223.95,78.0,456.44,-1.0,140.46,134.02
2024/1/15 10:30,134.01,22.84,82.81,1849.89,14886.81,78.34,456.44,-1.0,140.46,134.02
2024/1/15 10:45,148.84,22.84,82.81,1999.5,7945.78,74.84,456.44,-5.0,140.46,134.02
2024/1/15 11:00,62.67,59.37,121.6,1093.31,8414.74,111.99,300.94,132.0,136.33,126.38
2024/1/15 11:15,64.47,59.37,121.6,966.97,14933.67,114.94,300.94,-1.0,136.33,126.38
2024/1/15 11:30,135.04,59.4,121.6,1051.78,11691.25,119.45,300.94,132.0,136.33,126.38
2024/1/15 11:45,135.05,59.4,121.6,941.23,83022.1,135.09,300.94,-1.0,136.33,126.38
2024/1/15 12:00,166.04,31.29,73.32,1531.56,12806.0,138.95,415.78,-1.0,135.0,119.21
2024/1/15 12:15,470.76,31.29,73.32,938.19,14216.89,120.53,415.78,-1.0,135.0,119.21
2024/1/15 12:30,2000.0,43.86,73.32,912.01,15514.43,69.53,415.78,-1.0,135.0,119.21
2024/1/15 12:45,169.3,43.86,73.32,1835.98,13844.34,83.79,415.78,-1.0,135.0,119.21
2024/1/15 13:00,160.53,37.14,76.5,1376.72,12051.6,117.29,412.2,-1.0,133.33,119.38
2024/1/15 13:15,165.5,37.14,76.5,1124.45,16985.0,37.03,412.2,-1.0,133.33,119.38
2024/1/15 13:30,167.27,21.74,76.5,1355.2,15000.64,117.69,412.2,-1.0,133.33,119.38
2024/1/15 13:45,51.95,21.74,76.5,-1600.0,15919.9,116.58,412.2,-1.0,133.33,119.38
2024/1/15 14:00,72.97,40.74,81.45,-2182.2,11180.39,75.98,486.19,-5.0,149.16,54.13
2024/1/15 14:15,124.0,40.74,81.45,4206.83,11744.24,101.06,486.19,-1.0,149.16,54.13
2024/1/15 14:30,67.54,3.72,81.45,-1600.0,13818.76,116.72,486.19,119.0,149.16,54.13
2024/1/15 14:45,65.83,3.72,81.45,-1600.0,14435.45,129.48,486.19,98.89,149.16,54.13
2024/1/15 15:00,70.61,36.18,81.49,-1652.04,20280.64,100.75,456.44,-5.0,69.86,57.68
2024/1/15 15:15,64.24,36.18,81.49,-1600.0,15423.24,62.67,456.44,-5.0,69.86,57.68
2024/1/15 15:30,67.66,30.79,81.49,-2417.47,15124.93,67.55,456.44,-1.0,69.86,57.68
2024/1/15 15:45,65.72,30.79,81.49,-1600.0,17498.13,66.94,456.44,119.0,69.86,57.68
2024/1/15 16:00,58.51,28.74,77.14,-1211.72,19847.12,92.82,412.2,-1.0,241.35,61.89
2024/1/15 16:15,68.55,28.74,77.14,-25.19,7541.08,127.46,412.2,0.0,241.35,61.89
2024/1/15 16:30,66.58,112.77,77.14,3300.0,20748.0,121.79,412.2,144.7,241.35,61.89
2024/1/15 16:45,67.96,112.77,77.14,1849.3,20748.0,172.61,412.2,144.7,241.35,61.89
2024/1/15 17:00,69.99,27.18,68.31,1332.84,19179.23,108.33,396.55,144.85,31.01,66.43
2024/1/15 17:15,69.54,27.18,68.31,1122.98,20248.01,118.05,396.55,144.85,31.01,66.43
2024/1/15 17:30,130.74,152.83,68.31,1177.07,21155.0,301.85,396.55,144.85,31.01,66.43
2024/1/15 17:45,131.04,152.83,68.31,1098.33,21155.0,71.14,396.55,144.85,31.01,66.43
2024/1/15 18:00,69.88,27.18,79.63,1411.72,21155.0,142.48,412.2,156.89,50.72,68.3
2024/1/15 18:15,70.22,27.18,79.63,1551.5,79922.25,-182.09,412.2,156.89,50.72,68.3
2024/1/15 18:30,62.38,23.15,79.63,2057.88,79853.73,45.51,412.2,156.89,50.72,159.38
2024/1/15 18:45,47.76,23.15,79.63,2270.74,78841.82,82.41,412.2,156.89,50.72,159.38
2024/1/15 19:00,129.72,263.51,80.04,2443.25,78126.84,89.04,395.35,0.0,37.68,67.72
2024/1/15 19:15,130.41,263.51,80.04,2415.33,77777.21,63.01,395.35,0.0,37.68,67.72
2024/1/15 19:30,128.52,142.72,80.04,2006.78,20218.0,42.3,395.35,0.0,37.68,67.72
2024/1/15 19:45,71.16,142.72,80.04,1406.81,12852.0,45.65,395.35,0.0,37.68,67.72
2024/1/15 20:00,69.87,216.33,82.6,1084.6,15108.5,76.76,412.2,144.92,33.46,145.53
2024/1/15 20:15,42.76,216.33,82.6,1995.39,17385.3,56.38,412.2,0.0,33.46,145.53
2024/1/15 20:30,60.67,90.0,82.6,-2035.17,18893.35,54.74,412.2,0.0,33.46,145.53
2024/1/15 20:45,56.79,90.0,82.6,-1042.62,16547.09,33.03,412.2,-5.0,33.46,145.53
2024/1/15 21:00,56.71,47.97,71.79,3300.0,-339.24,109.8,303.55,-5.0,57.21,131.99
2024/1/15 21:15,53.78,47.97,71.79,-386.26,19120.0,66.51,303.55,-1.0,57.21,131.99
2024/1/15 21:30,55.4,44.6,71.79,-1600.0,15907.47,61.17,303.55,-1.0,57.21,131.99
2024/1/15 21:45,44.68,44.6,71.79,-1600.0,17685.64,-50.06,303.55,-5.0,57.21,56.57
2024/1/15 22:00,124.37,31.19,71.88,-1600.0,15559.91,139.92,312.73,-5.0,82.62,128.51
2024/1/15 22:15,124.58,31.19,71.88,-1600.0,71867.41,126.74,312.73,-1.0,82.62,128.51
2024/1/15 22:30,124.58,26.28,71.88,-1600.0,70023.13,104.82,312.73,-1.0,82.62,55.07
2024/1/15 22:45,126.03,26.28,71.88,-2720.61,16371.39,-8615.27,312.73,-5.0,82.62,55.07
2024/1/15 23:00,68.62,37.67,50.41,3300.0,7653.0,54.5,312.73,-5.0,170.21,123.16
2024/1/15 23:15,63.79,37.67,50.41,3300.0,76517.58,90.44,312.73,-1.0,170.21,123.16
2024/1/15 23:30,53.29,37.15,50.41,-2281.59,10738.99,82.57,312.73,-5.0,170.21,52.78
2024/1/15 23:45,-38.4,37.15,50.41,-1087.29,11047.8,-2.08,312.73,-5.0,170.21,52.78
2024/1/16 0:00,10.96,44.27,26.5,-490.0,63885.0,124.0,314.04,-5.0,112.67,116.14
2024/1/16 0:15,31.24,44.27,26.5,-408.65,13993.37,115.99,314.04,-2.9,112.67,116.14
2024/1/16 0:30,34.88,43.75,26.5,-834.13,13691.5,1.2,314.04,-5.0,112.67,49.78
2024/1/16 0:45,29.79,43.75,26.5,-1382.04,7836.33,-6912.47,314.04,-5.0,112.67,49.78
2024/1/16 1:00,125.37,31.62,51.89,-703.63,12118.46,92.59,318.77,-5.0,116.98,49.04
2024/1/16 1:15,66.05,31.62,51.89,-684.12,31038.73,68.8,318.77,-2.9,116.98,49.04
2024/1/16 1:30,43.1,32.11,51.89,-679.93,31038.73,88.18,318.77,-5.0,116.98,49.04
2024/1/16 1:45,31.4,32.11,51.89,2739.38,31038.73,93.12,318.77,-5.0,116.98,49.04
2024/1/16 2:00,29.25,44.85,31.49,3300.0,30487.25,93.48,319.2,-5.0,117.75,48.13
2024/1/16 2:15,29.88,44.85,31.49,3300.0,30487.25,93.12,319.2,-2.9,117.75,48.13
2024/1/16 2:30,30.95,44.86,31.49,3300.0,30487.25,22.92,319.2,-2.9,117.75,48.13
2024/1/16 2:45,31.39,44.86,31.49,3300.0,30487.25,28.89,319.2,-2.9,117.75,48.13
2024/1/16 3:00,128.05,154.23,24.63,3441.68,74445.82,72.64,318.77,-2.9,76.49,109.66
2024/1/16 3:15,122.09,154.23,24.63,3300.0,79339.55,66.6,318.77,-2.0,76.49,109.66
2024/1/16 3:30,33.39,32.62,24.63,3300.0,72899.0,72.33,318.77,-2.0,76.49,47.0
2024/1/16 3:45,28.02,32.62,24.63,3300.0,29779.84,76.21,318.77,-2.9,76.49,47.0
2024/1/16 4:00,25.15,84.1,54.35,3728.64,29471.77,23.75,314.04,-5.0,26.9,46.52
2024/1/16 4:15,31.31,84.1,54.35,3300.0,17838.0,116.0,314.04,-2.9,26.9,46.52
2024/1/16 4:30,127.33,31.65,54.35,3300.0,19112.0,127.88,314.04,-1.0,26.9,46.52
2024/1/16 4:45,129.42,31.65,54.35,3300.0,5856.02,129.91,314.04,132.0,26.9,46.52
2024/1/16 5:00,125.99,42.74,29.45,3300.0,5885.09,53.84,326.34,-5.0,3.92,50.72
2024/1/16 5:15,117.3,42.74,29.45,3300.0,17373.0,117.11,326.34,-1.0,3.92,50.72
2024/1/16 5:30,126.72,231.98,29.45,1322.52,10524.73,64.11,326.34,-5.0,3.92,50.72
2024/1/16 5:45,128.9,231.98,29.45,1128.54,6998.11,47.67,326.34,132.0,3.92,50.72
2024/1/16 6:00,126.66,58.46,12.74,1192.32,9227.78,35.19,450.26,-5.0,0.0,63.05
2024/1/16 6:15,127.09,58.46,12.74,1458.53,18298.0,81.88,450.26,-2.9,0.0,63.05
2024/1/16 6:30,63.0,54.27,12.74,1844.71,78722.44,82.29,450.26,153.8,0.0,63.05
2024/1/16 6:45,64.63,54.27,12.74,1544.68,108518.03,86.87,450.26,153.8,0.0,147.11
2024/1/16 7:00,65.0,21.07,43.62,1274.16,85536.62,121.35,565.76,177.68,1.22,73.7
2024/1/16 7:15,61.67,21.07,43.62,1389.76,74199.36,86.22,565.76,173.0,1.22,73.7
2024/1/16 7:30,142.42,247.3,43.62,1424.75,85253.74,90.5,565.76,177.68,1.22,73.7
2024/1/16 7:45,142.18,247.3,43.62,1370.62,100840.25,88.72,565.76,177.68,1.22,171.96
2024/1/16 8:00,64.48,104.1,69.18,1208.53,68967.92,135.79,624.61,201.75,67.64,86.47
2024/1/16 8:15,65.22,104.1,69.18,1211.7,11943.44,33.35,624.61,0.0,67.64,86.47
2024/1/16 8:30,134.3,106.48,69.18,1371.83,9277.1,35.9,624.61,0.0,67.64,86.47
2024/1/16 8:45,144.35,106.48,69.18,1600.75,5614.49,45.45,624.61,-1.0,67.64,86.47
2024/1/16 9:00,164.95,33.22,60.94,1652.96,101348.3,150.1,626.42,194.04,134.12,83.16
2024/1/16 9:15,166.87,33.22,60.94,1497.56,10451.67,130.6,626.42,189.0,134.12,83.16
2024/1/16 9:30,200.52,34.16,60.94,1159.82,6160.77,100.69,626.42,0.0,134.12,83.16
2024/1/16 9:45,167.79,34.16,60.94,1671.95,4265.69,103.65,626.42,-1.0,134.12,83.16
2024/1/16 10:00,70.93,33.91,32.62,1395.88,5397.63,70.13,570.95,170.8,64.35,73.2
2024/1/16 10:15,70.63,33.91,32.62,1216.52,9837.05,13.21,570.95,-5.0,64.35,73.2
2024/1/16 10:30,69.03,51.02,32.62,-1600.0,6356.89,7.0,570.95,-5.0,64.35,73.2
2024/1/16 10:45,124.47,51.02,32.62,-1600.0,9699.72,78.47,570.95,-5.0,64.35,73.2
2024/1/16 11:00,134.09,47.66,36.81,-1600.0,6546.65,28.41,514.07,154.0,36.25,66.0
2024/1/16 11:15,71.77,47.66,36.81,-4026.66,5969.18,53.42,514.07,-5.0,36.25,66.0
2024/1/16 11:30,71.92,13.08,36.81,-233.54,-683.83,77.68,514.07,-1.0,36.25,154.0
2024/1/16 11:45,35.3,13.08,36.81,-144.61,1990.83,103.47,514.07,154.0,36.25,154.0
2024/1/16 12:00,61.49,54.54,57.13,-104.84,8457.35,77.77,558.82,144.49,27.71,144.37
2024/1/16 12:15,47.02,54.54,57.13,-60.53,6972.05,49.64,558.82,144.49,27.71,144.37
2024/1/16 12:30,61.15,20.99,57.13,-3319.52,7253.82,93.62,558.82,144.49,27.71,144.37
2024/1/16 12:45,45.16,20.99,57.13,-4107.32,6099.07,93.33,558.82,144.49,27.71,144.37
2024/1/16 13:00,128.0,53.32,72.35,-1452.34,-19894.39,90.22,572.0,157.97,23.33,149.94
2024/1/16 13:15,129.45,53.32,72.35,-1147.19,-12423.32,104.65,572.0,157.97,23.33,149.94
2024/1/16 13:30,129.36,55.07,72.35,-749.0,12711.78,138.92,572.0,157.97,23.33,149.94
2024/1/16 13:45,71.6,55.07,72.35,-961.12,9225.51,111.9,572.0,157.97,23.33,149.94
2024/1/16 14:00,75.84,44.52,22.69,-562.96,11045.27,101.92,626.98,170.88,0.0,160.15
2024/1/16 14:15,74.07,44.52,22.69,-1017.02,85079.86,136.93,626.98,170.88,0.0,160.15
2024/1/16 14:30,74.61,43.65,22.69,0.1,96158.66,153.74,626.98,170.88,0.0,160.15
2024/1/16 14:45,71.98,43.65,22.69,-0.56,117544.38,164.74,626.98,170.88,0.0,160.15
2024/1/16 15:00,49.1,40.31,65.54,-163.28,92630.75,87.25,645.4,188.7,221.65,177.83
2024/1/16 15:15,54.32,40.31,65.54,-447.88,89809.87,112.58,645.4,181.0,221.65,177.83
2024/1/16 15:30,43.26,283.78,65.54,-75.86,89935.31,147.95,645.4,188.7,221.65,177.83
2024/1/16 15:45,61.86,283.78,65.54,-95.75,80000.0,418.42,645.4,188.7,221.65,177.83
2024/1/16 16:00,126.93,40.23,11.75,-739.19,15413.09,115.58,656.94,201.02,157.14,80.37
2024/1/16 16:15,128.18,40.23,11.75,-645.26,13353.75,120.51,656.94,201.02,157.14,187.53
2024/1/16 16:30,73.1,66.04,11.75,3300.0,11846.93,146.95,656.94,201.02,157.14,187.53
2024/1/16 16:45,73.57,66.04,11.75,3300.0,13630.0,161.75,656.94,201.02,157.14,187.53
2024/1/16 17:00,68.07,65.97,16.23,3300.0,15551.0,129.19,643.65,203.08,243.79,84.2
2024/1/16 17:15,71.73,65.97,16.23,3300.0,15007.79,130.94,643.65,193.0,243.79,84.2
2024/1/16 17:30,127.32,103.67,16.23,3300.0,15555.0,149.94,643.65,193.0,243.79,196.46
2024/1/16 17:45,126.94,103.67,16.23,3300.0,16590.0,138.64,643.65,193.0,243.79,84.2
2024/1/16 18:00,143.97,50.38,4.69,3300.0,51481.47,158.66,626.98,-5.0,0.0,80.38
2024/1/16 18:15,149.84,50.38,4.69,3300.0,51481.47,125.33,626.98,-5.0,0.0,80.38
2024/1/16 18:30,72.7,52.9,4.69,1196.18,51481.47,115.15,626.98,-2.0,0.0,80.38
2024/1/16 18:45,75.45,52.9,4.69,1217.63,51481.47,106.87,626.98,-1.0,0.0,80.38
2024/1/16 19:00,70.37,61.72,9.76,1720.5,89640.39,96.01,626.97,-1.0,0.0,75.31
2024/1/16 19:15,136.79,61.72,9.76,1519.78,17150.0,187.77,626.97,0.1,0.0,75.31
2024/1/16 19:30,141.23,61.27,9.76,1240.55,18373.0,157.68,626.97,-1.0,0.0,75.31
2024/1/16 19:45,67.5,61.27,9.76,1092.83,48902.83,84.11,626.97,-5.0,0.0,75.31
2024/1/16 20:00,62.15,105.67,14.0,1156.1,90848.56,299.63,626.42,176.05,162.91,163.06
2024/1/16 20:15,67.18,105.67,14.0,1233.66,98108.66,227.08,626.42,0.0,162.91,69.88
2024/1/16 20:30,51.9,39.04,14.0,1913.06,101202.88,105.2,626.42,-5.0,162.91,69.88
2024/1/16 20:45,50.48,39.04,14.0,-3500.51,46118.82,99.9,626.42,-5.0,162.91,69.88
2024/1/16 21:00,47.07,27.91,11.73,985.12,97741.21,1988.01,605.46,154.64,206.9,143.96
2024/1/16 21:15,51.88,27.91,11.73,1941.98,85278.78,217.86,605.46,151.0,206.9,143.96
2024/1/16 21:30,36.6,43.59,11.73,-2820.27,6584.52,86.34,605.46,-5.0,206.9,61.7
2024/1/16 21:45,-76.66,43.59,11.73,-2839.42,7081.6,103.24,605.46,-5.0,206.9,61.7
2024/1/16 22:00,49.64,35.05,0.0,1621.99,3635.83,86.72,562.94,143.71,44.81,135.48
2024/1/16 22:15,47.85,35.05,0.0,1416.62,11956.51,92.79,562.94,0.0,44.81,58.06
2024/1/16 22:30,122.17,61.39,0.0,2587.69,12513.93,72.5,562.94,-1.0,44.81,58.06
2024/1/16 22:45,112.5,61.39,0.0,-3778.53,16732.33,77.69,562.94,-5.0,44.81,58.06
2024/1/16 23:00,131.2,60.88,3.84,2117.81,15935.25,115.46,391.12,132.0,33.6,53.3
2024/1/16 23:15,118.78,60.88,3.84,1484.21,13427.53,118.1,391.12,-2.0,33.6,61.22
2024/1/16 23:30,117.23,39.54,3.84,1014.68,14681.8,109.9,391.12,129.0,33.6,-56.17
2024/1/16 23:45,112.5,39.54,3.84,3300.0,15204.01,93.19,391.12,132.0,33.6,-79.76
2024/1/17 0:00,38.08,96.42,12.67,3300.0,71447.17,137.33,306.88,132.0,37.37,120.39
2024/1/17 0:15,46.55,96.42,12.67,3300.0,70628.55,115.06,306.88,132.0,37.37,51.59
2024/1/17 0:30,56.64,62.99,12.67,-1600.0,67416.5,97.81,306.88,129.0,37.37,51.59
2024/1/17 0:45,113.46,62.99,12.67,-1600.0,69913.29,85.28,306.88,-1.0,37.37,51.59
2024/1/17 1:00,116.47,64.48,87.76,-1600.0,61535.45,123.71,317.22,132.0,51.53,115.16
2024/1/17 1:15,114.4,64.48,87.76,3300.0,61463.31,117.4,317.22,-1.0,51.53,49.36
2024/1/17 1:30,114.43,62.81,87.76,3300.0,66654.49,52.97,317.22,-2.99,51.53,49.36
2024/1/17 1:45,37.88,62.81,87.76,3300.0,63828.98,65.29,317.22,-5.0,51.53,49.36
2024/1/17 2:00,37.21,44.96,0.04,3300.0,62101.97,109.61,323.25,132.0,41.63,46.39
2024/1/17 2:15,38.44,44.96,0.04,3300.0,64863.51,92.8,323.25,129.0,41.63,46.39
2024/1/17 2:30,46.63,120.96,0.04,3300.0,63992.57,102.96,323.25,129.0,41.63,46.39
2024/1/17 2:45,38.44,120.96,0.04,3300.0,59939.0,73.38,323.25,132.0,41.63,46.39
2024/1/17 3:00,30.39,70.95,0.15,3300.0,60867.61,113.04,333.82,132.0,21.29,45.68
2024/1/17 3:15,27.03,70.95,0.15,3300.0,26581.3,96.41,333.82,-1.0,21.29,45.68
2024/1/17 3:30,32.97,74.2,0.15,3300.0,18206.0,105.73,333.82,129.0,21.29,45.68
2024/1/17 3:45,35.25,74.2,0.15,3300.0,3469.44,100.03,333.82,132.0,21.29,45.68
2024/1/17 4:00,112.77,82.22,0.0,3300.0,15658.08,85.81,314.24,129.0,26.1,46.35
2024/1/17 4:15,114.58,82.22,0.0,3300.0,60163.94,113.66,314.24,129.0,26.1,46.35
2024/1/17 4:30,115.0,276.95,0.0,3300.0,62792.95,115.58,314.24,132.0,26.1,108.15
2024/1/17 4:45,44.34,276.95,0.0,3300.0,69030.92,108.5,314.24,132.0,26.1,108.15
2024/1/17 5:00,31.7,61.54,0.2,-1600.0,71583.62,70.51,333.82,-5.0,25.65,55.64
2024/1/17 5:15,43.98,61.54,0.2,3300.0,64769.78,124.43,333.82,-2.9,25.65,55.64
2024/1/17 5:30,39.25,98.14,0.2,1645.96,62773.8,129.93,333.82,-2.9,25.65,129.82
2024/1/17 5:45,115.2,98.14,0.2,1810.9,62246.88,178.79,333.82,132.0,25.65,129.82
2024/1/17 6:00,9.6,82.26,0.27,-2002.7,15628.87,114.4,384.68,-5.0,0.0,66.44
2024/1/17 6:15,35.25,82.26,0.27,1499.99,62541.0,103.53,384.68,-0.9,0.0,155.02
2024/1/17 6:30,45.79,86.23,0.27,1824.22,60094.8,152.65,384.68,132.0,0.0,155.02
2024/1/17 6:45,36.31,86.23,0.27,1997.93,109258.77,3729.44,384.68,132.0,0.0,155.02
2024/1/17 7:00,1.01,53.51,13.5,2426.57,102798.2,312.18,571.12,146.87,153.0,166.21
2024/1/17 7:15,131.65,53.51,13.5,1837.86,16908.02,132.99,571.12,143.0,153.0,166.21
2024/1/17 7:30,128.82,36.7,13.5,1761.59,18784.0,168.44,571.12,143.0,153.0,166.21
2024/1/17 7:45,143.88,36.7,13.5,2251.3,17290.0,286.32,571.12,143.0,153.0,166.21
2024/1/17 8:00,60.05,33.59,22.65,-3457.38,12669.09,276.3,549.9,147.89,155.31,67.87
2024/1/17 8:15,56.37,33.59,22.65,-3805.8,9153.44,396.44,549.9,144.0,155.31,67.87
2024/1/17 8:30,126.16,28.4,22.65,-1717.17,10079.86,261.98,549.9,127.89,155.31,67.87
2024/1/17 8:45,62.8,28.4,22.65,-1600.0,80000.0,191.83,549.9,117.9,155.31,67.87
2024/1/17 9:00,56.85,154.82,24.2,-420.11,100097.57,216.85,549.54,147.7,177.79,64.82
2024/1/17 9:15,56.32,154.82,24.2,-235.61,105873.63,202.84,549.54,144.0,177.79,64.82
2024/1/17 9:30,59.85,259.7,24.2,-15.73,108356.41,157.31,549.54,-0.9,177.79,64.82
2024/1/17 9:45,126.68,259.7,24.2,-18.09,99249.62,125.09,549.54,147.7,177.79,64.82
2024/1/17 10:00,127.76,169.69,2.55,-2697.75,92676.47,151.0,477.73,154.46,162.4,154.46
2024/1/17 10:15,144.53,169.69,2.55,-261.87,90612.67,126.51,477.73,151.0,162.4,154.46
2024/1/17 10:30,143.29,189.89,2.55,-32.97,87283.84,99.31,477.73,154.46,162.4,154.46
2024/1/17 10:45,182.54,189.89,2.55,-16.44,80000.0,99.09,477.73,151.0,162.4,154.46
2024/1/17 11:00,134.67,312.99,0.0,-1780.38,83350.06,131.43,505.53,155.54,149.64,155.54
2024/1/17 11:15,183.59,312.99,0.0,-797.5,12117.0,124.82,505.53,155.54,149.64,155.54
2024/1/17 11:30,65.03,287.32,0.0,0.01,6892.09,127.39,505.53,155.54,149.64,155.54
2024/1/17 11:45,210.58,287.32,0.0,-4138.49,13453.08,121.11,505.53,155.54,149.64,155.54
2024/1/17 12:00,61.23,197.72,0.0,-4.53,13839.4,147.58,549.54,161.56,155.42,158.8
2024/1/17 12:15,72.1,197.72,0.0,3300.0,87724.97,136.65,549.54,0.0,155.42,158.8
2024/1/17 12:30,65.74,106.72,0.0,3300.0,15402.0,141.24,549.54,0.0,155.42,158.8
2024/1/17 12:45,65.54,106.72,0.0,3300.0,86772.52,144.39,549.54,-0.9,155.42,68.06
2024/1/17 13:00,121.22,29.69,0.0,3300.0,93665.55,123.65,477.73,0.0,174.51,69.37
2024/1/17 13:15,123.02,29.69,0.0,1863.89,132202.96,123.43,477.73,-0.9,174.51,69.37
2024/1/17 13:30,120.94,40.34,0.0,1706.55,101934.75,129.28,477.73,0.0,174.51,69.37
2024/1/17 13:45,120.39,40.34,0.0,1833.19,89439.48,125.67,477.73,0.0,174.51,69.37
2024/1/17 14:00,121.31,55.32,0.16,1367.32,88968.4,129.95,574.07,165.89,159.76,162.32
2024/1/17 14:15,127.7,55.32,0.16,1340.93,111327.75,123.87,574.07,162.0,159.76,162.32
2024/1/17 14:30,128.11,24.75,0.16,1056.53,146623.67,125.5,574.07,0.0,159.76,162.32
2024/1/17 14:45,141.85,24.75,0.16,1171.95,93356.12,0.0,574.07,165.89,159.76,162.32
2024/1/17 15:00,149.24,28.24,0.88,1124.29,86716.71,143.27,488.56,168.22,174.47,162.95
2024/1/17 15:15,139.64,28.24,0.88,1322.23,85163.92,146.66,488.56,165.0,174.47,162.95
2024/1/17 15:30,121.19,89.39,0.88,2889.55,86391.55,146.64,488.56,165.0,174.47,162.95
2024/1/17 15:45,64.1,89.39,0.88,2952.24,80000.0,142.99,488.56,165.0,174.47,162.95
2024/1/17 16:00,127.89,52.8,0.42,-1600.0,46473.46,111.03,418.22,0.0,150.25,71.35
2024/1/17 16:15,119.6,52.8,0.42,-1600.0,79858.65,115.42,418.22,169.0,150.25,71.35
2024/1/17 16:30,122.56,51.62,0.42,-1600.0,46473.46,127.2,418.22,169.0,150.25,166.49
2024/1/17 16:45,120.76,51.62,0.42,-1600.0,46473.46,152.4,418.22,169.0,150.25,166.49
2024/1/17 17:00,121.65,17.18,3.81,-1600.0,82260.34,119.89,420.23,180.0,263.85,77.96
2024/1/17 17:15,118.0,17.18,3.81,-1600.0,12067.0,140.37,420.23,180.0,263.85,77.96
2024/1/17 17:30,71.7,29.08,3.81,-1600.0,50587.5,160.74,420.23,164.0,263.85,77.96
2024/1/17 17:45,72.58,29.08,3.81,-1600.0,91685.21,138.76,420.23,0.0,263.85,77.96
2024/1/17 18:00,126.13,23.22,20.88,3300.0,93174.67,46.82,411.92,170.8,51.48,72.52
2024/1/17 18:15,126.99,23.22,20.88,3300.0,90313.38,72.34,411.92,164.0,51.48,72.52
2024/1/17 18:30,78.53,91.2,20.88,1081.04,46473.46,81.39,411.92,164.0,51.48,72.52
2024/1/17 18:45,72.43,91.2,20.88,1292.18,46473.46,116.79,411.92,170.79,51.48,72.52
2024/1/17 19:00,131.54,103.68,71.78,2198.0,92715.17,130.25,411.92,160.14,50.57,68.33
2024/1/17 19:15,128.34,103.68,71.78,2043.23,88337.96,21.93,411.92,160.14,50.57,68.33
2024/1/17 19:30,125.88,113.11,71.78,1556.82,89851.8,122.6,411.92,157.0,50.57,68.33
2024/1/17 19:45,128.8,113.11,71.78,-1600.0,90404.05,121.36,411.92,160.14,50.57,68.33
2024/1/17 20:00,152.41,93.01,26.84,1015.2,86845.46,145.04,310.12,152.11,47.83,64.36
2024/1/17 20:15,75.18,93.01,26.84,-1600.0,85538.62,114.96,310.12,152.11,47.83,150.18
2024/1/17 20:30,69.45,107.97,26.84,-1948.52,41216.63,105.71,310.12,152.1,47.83,150.18
2024/1/17 20:45,65.08,107.97,26.84,-2245.14,79401.87,93.45,310.12,149.0,47.83,150.18
2024/1/17 21:00,49.46,98.23,5.14,1208.21,82496.67,37.2,418.22,137.0,24.45,138.67
2024/1/17 21:15,-32.78,98.23,5.14,967.02,38146.33,-43.28,418.22,140.99,24.45,138.67
2024/1/17 21:30,-92.45,8.66,5.14,941.27,7186.35,-108.0,418.22,127.0,24.45,138.67
2024/1/17 21:45,-158.44,8.66,5.14,-3757.92,7772.16,-162.44,418.22,-5.0,24.45,59.43
2024/1/17 22:00,-23.1,-6.45,1.02,3300.0,72047.12,-40.06,304.89,132.0,7.83,55.25
2024/1/17 22:15,118.73,-6.45,1.02,-1600.0,35396.02,61.21,304.89,-5.0,7.83,55.25
2024/1/17 22:30,119.98,101.38,1.02,-2034.71,67893.0,76.55,304.89,-2.9,7.83,55.25
2024/1/17 22:45,119.01,101.38,1.02,-1600.0,8887.0,60.72,304.89,-2.9,7.83,55.25
2024/1/17 23:00,119.34,61.58,0.0,-1600.0,8890.57,96.05,295.72,132.0,19.61,49.89
2024/1/17 23:15,118.34,61.58,0.0,-745.45,10035.87,79.94,295.72,129.0,19.61,49.89
2024/1/17 23:30,44.98,60.57,0.0,-1559.97,11095.18,118.6,295.72,129.0,19.61,49.89
2024/1/17 23:45,57.78,60.57,0.0,-1809.58,12660.37,87.39,295.72,129.0,19.61,54.3
2024/1/18 0:00,119.5,109.19,-13.48,3300.0,77826.38,119.33,309.09,132.0,27.55,55.36
2024/1/18 0:15,119.41,109.19,-13.48,3300.0,73724.1,119.95,309.09,132.0,27.55,55.56
2024/1/18 0:30,119.0,110.49,-13.48,3300.0,70445.59,8.25,309.09,-5.0,27.55,54.18
2024/1/18 0:45,115.61,110.49,-13.48,3300.0,68394.53,86.87,309.09,-5.0,27.55,53.81
2024/1/18 1:00,23.69,89.24,0.2,-3.6,66604.48,117.8,325.47,-1.0,35.52,107.74
2024/1/18 1:15,22.86,89.24,0.2,3300.0,65317.94,89.75,325.47,-1.0,35.52,46.18
2024/1/18 1:30,25.25,63.47,0.2,3300.0,29409.25,107.59,325.47,129.0,35.52,46.18
2024/1/18 1:45,1.72,63.47,0.2,3300.0,6869.0,78.2,325.47,129.0,35.52,46.18
2024/1/18 2:00,26.72,93.33,3.2,3300.0,15834.99,73.17,358.8,132.0,66.5,104.34
2024/1/18 2:15,-2.06,93.33,3.2,3300.0,6618.86,82.99,358.8,129.0,66.5,104.34
2024/1/18 2:30,-7.23,0.0,3.2,3300.0,1452.0,81.79,358.8,129.0,66.5,104.34
2024/1/18 2:45,99.34,0.0,3.2,993.53,14025.24,82.43,358.8,129.0,66.5,104.34
2024/1/18 3:00,102.37,90.03,0.54,920.5,17777.0,79.34,315.49,129.0,45.11,103.47
2024/1/18 3:15,99.34,90.03,0.54,857.82,12554.08,63.77,315.49,129.0,45.11,44.35
2024/1/18 3:30,99.34,90.4,0.54,829.02,10453.8,70.22,315.49,132.0,45.11,44.35
2024/1/18 3:45,1.56,90.4,0.54,821.06,28340.38,86.96,315.49,132.0,45.11,44.35
2024/1/18 4:00,40.95,75.67,0.11,1858.57,29046.6,76.54,315.49,-5.0,44.31,45.24
2024/1/18 4:15,47.71,75.67,0.11,993.78,29046.6,57.43,315.49,129.0,44.31,105.56
2024/1/18 4:30,54.13,70.71,0.11,883.98,66650.58,64.69,315.49,129.0,44.31,105.56
2024/1/18 4:45,38.49,70.71,0.11,1075.16,61247.78,14.74,315.49,132.0,44.31,105.56
2024/1/18 5:00,109.95,62.78,0.88,-1600.0,31104.18,108.8,309.1,129.0,18.42,112.42
2024/1/18 5:15,118.63,62.78,0.88,1967.53,60197.36,62.19,309.1,132.0,18.42,112.42
2024/1/18 5:30,119.68,48.73,0.88,1117.18,61554.15,79.44,309.1,132.0,18.42,112.42
2024/1/18 5:45,119.9,48.73,0.88,1224.88,72655.79,83.67,309.1,132.0,18.42,112.42
2024/1/18 6:00,135.82,55.22,0.05,-2277.76,12860.66,72.83,298.17,-5.0,17.01,134.88
2024/1/18 6:15,149.13,55.22,0.05,-1650.45,16137.71,111.92,298.17,-1.0,17.01,134.88
2024/1/18 6:30,162.94,80.23,0.05,1701.55,17364.0,18.42,298.17,141.06,17.01,134.88
2024/1/18 6:45,161.69,80.23,0.05,1072.68,17175.0,2.41,298.17,141.06,17.01,128.25
2024/1/18 7:00,4.79,17.99,16.99,1189.03,15482.35,99.06,408.2,-5.0,52.87,155.37
2024/1/18 7:15,60.88,17.99,16.99,1144.85,17284.93,116.24,408.2,-5.0,52.87,155.37
2024/1/18 7:30,129.34,112.54,16.99,1200.86,15707.89,48.99,408.2,156.0,52.87,155.37
2024/1/18 7:45,129.24,112.54,16.99,1093.81,18162.0,86.36,408.2,156.0,52.87,155.37
2024/1/18 8:00,64.17,164.33,34.68,3879.48,18768.2,65.53,479.06,-1.0,0.0,74.86
2024/1/18 8:15,58.64,164.33,34.68,1397.96,18917.0,126.62,479.06,171.0,0.0,74.86
2024/1/18 8:30,55.35,152.57,34.68,1182.45,18935.0,148.48,479.06,158.9,0.0,174.68
2024/1/18 8:45,127.86,152.57,34.68,1949.63,77777.0,140.64,479.06,171.0,0.0,174.68
2024/1/18 9:00,145.27,115.2,20.39,2448.8,19991.0,165.46,489.31,174.58,151.89,170.42
2024/1/18 9:15,132.24,115.2,20.39,2159.09,19991.0,209.71,489.31,174.57,151.89,170.42
2024/1/18 9:30,65.38,126.41,20.39,1877.68,80075.28,118.87,489.31,171.0,151.89,170.42
2024/1/18 9:45,65.99,126.41,20.39,1062.42,20017.81,111.63,489.31,0.0,151.89,170.42
2024/1/18 10:00,134.05,316.33,-2.21,1080.19,20169.0,158.33,533.06,166.86,58.2,69.65
2024/1/18 10:15,128.42,316.33,-2.21,1099.32,20169.0,136.87,533.06,163.0,58.2,162.51
2024/1/18 10:30,143.91,137.5,-2.21,1167.18,78576.11,143.69,533.06,163.0,58.2,162.51
2024/1/18 10:45,142.19,137.5,-2.21,1343.78,78756.03,128.49,533.06,-1.0,58.2,162.51
2024/1/18 11:00,141.24,84.7,3.58,1324.54,78085.12,129.65,550.0,162.52,47.08,157.05
2024/1/18 11:15,73.1,84.7,3.58,1121.17,19994.0,115.47,550.0,162.52,47.08,157.05
2024/1/18 11:30,73.1,14.43,3.58,1017.04,20002.6,115.31,550.0,159.0,47.08,157.05
2024/1/18 11:45,137.77,14.43,3.58,1010.83,19999.89,111.81,550.0,-1.0,47.08,157.05
2024/1/18 12:00,125.35,45.4,-5.34,1676.19,19994.37,81.22,563.73,-1.0,0.0,147.63
2024/1/18 12:15,63.61,45.4,-5.34,1051.4,20005.01,73.05,563.73,-1.0,0.0,147.63
2024/1/18 12:30,66.46,3.3,-5.34,1014.52,20000.03,74.35,563.73,-5.0,0.0,63.27
2024/1/18 12:45,120.0,3.3,-5.34,1394.0,18701.98,73.97,563.73,-5.0,0.0,63.27
2024/1/18 13:00,125.18,69.67,-1.89,-1580.16,19536.93,101.69,549.29,137.9,106.33,60.4
2024/1/18 13:15,125.29,69.67,-1.89,-1702.95,19997.98,101.03,549.29,130.0,106.33,60.4
2024/1/18 13:30,66.69,67.93,-1.89,1073.41,19992.65,69.79,549.29,-1.0,106.33,60.4
2024/1/18 13:45,66.57,67.93,-1.89,1000.0,19951.74,70.78,549.29,-1.0,106.33,60.4
2024/1/18 14:00,52.47,66.77,-6.62,3300.0,19745.77,96.37,549.9,130.0,78.67,60.73
2024/1/18 14:15,63.25,66.77,-6.62,3300.0,19992.81,102.25,549.9,151.06,78.67,60.73
2024/1/18 14:30,63.11,23.49,-6.62,3300.0,20002.2,97.29,549.9,151.06,78.67,141.69
2024/1/18 14:45,128.47,23.49,-6.62,-1600.0,20012.66,65.89,549.9,151.06,78.67,141.69
2024/1/18 15:00,128.8,66.41,5.89,-1600.0,20012.22,128.09,550.0,153.0,0.0,146.71
2024/1/18 15:15,128.2,66.41,5.89,-1600.0,78778.37,28.66,550.0,153.0,0.0,146.71
2024/1/18 15:30,127.77,68.67,5.89,-1600.0,20177.0,2.09,550.0,151.0,0.0,146.71
2024/1/18 15:45,65.26,68.67,5.89,-1600.0,78887.0,38.09,550.0,154.64,0.0,146.71
2024/1/18 16:00,59.59,60.69,8.11,-1600.0,20160.43,67.15,570.32,-1.0,25.99,152.15
2024/1/18 16:15,53.48,60.69,8.11,-1600.0,42709.07,72.46,570.32,156.0,25.99,65.21
2024/1/18 16:30,58.97,88.78,8.11,-1600.0,21251.0,83.68,570.32,0.0,25.99,152.15
2024/1/18 16:45,125.35,88.78,8.11,-1600.0,85433.0,95.87,570.32,156.0,25.99,152.15
2024/1/18 17:00,57.15,151.94,45.78,-619.43,20544.05,81.05,549.9,-1.0,25.45,66.97
2024/1/18 17:15,63.34,151.94,45.78,-624.6,21190.0,88.86,549.9,127.91,25.45,156.27
2024/1/18 17:30,63.34,202.25,45.78,-487.1,20052.68,100.04,549.9,0.0,25.45,156.27
2024/1/18 17:45,63.77,202.25,45.78,-210.86,20003.61,72.78,549.9,0.0,25.45,156.27
2024/1/18 18:00,124.37,83.65,65.9,-3669.81,19808.22,87.15,568.25,0.0,21.88,64.58
2024/1/18 18:15,124.26,83.65,65.9,-2409.16,21190.0,117.34,568.25,0.0,21.88,150.68
2024/1/18 18:30,123.54,172.87,65.9,-11.86,20728.0,116.06,568.25,0.0,21.88,150.68
2024/1/18 18:45,72.44,172.87,65.9,-3506.77,20728.0,106.2,568.25,0.0,21.88,150.68
2024/1/18 19:00,137.65,94.1,56.99,979.09,19613.12,152.51,501.42,150.93,0.0,145.84
2024/1/18 19:15,127.33,94.1,56.99,979.09,19714.49,112.63,501.42,147.0,0.0,62.5
2024/1/18 19:30,64.55,88.84,56.99,979.09,19770.49,107.12,501.42,0.0,0.0,62.5
2024/1/18 19:45,134.61,88.84,56.99,900.94,19702.81,103.7,501.42,0.0,0.0,62.5
2024/1/18 20:00,142.58,100.28,93.78,1097.47,19079.28,55.07,455.36,142.89,44.7,58.67
2024/1/18 20:15,42.89,100.28,93.78,3142.82,19687.0,49.95,455.36,139.0,44.7,58.67
2024/1/18 20:30,133.74,68.05,93.78,2957.35,19755.4,99.25,455.36,-5.0,44.7,58.67
2024/1/18 20:45,8.31,68.05,93.78,-4275.72,63256.0,-188.06,455.36,139.0,44.7,58.67
2024/1/18 21:00,7.97,106.69,67.93,1739.32,75576.54,-956.4,321.63,132.0,20.86,50.55
2024/1/18 21:15,119.07,106.69,67.93,-1678.92,14574.26,-422.59,321.63,129.0,20.86,50.55
2024/1/18 21:30,119.06,49.2,67.93,-1666.1,7236.77,95.33,321.63,-5.0,20.86,50.55
2024/1/18 21:45,118.1,49.2,67.93,-1600.0,7530.67,-64.49,321.63,-5.0,20.86,50.55
2024/1/18 22:00,61.47,97.28,39.38,3300.0,8240.19,99.03,358.82,132.0,18.71,49.41
2024/1/18 22:15,53.69,97.28,39.38,3300.0,11374.48,104.52,358.82,129.0,18.71,49.41
2024/1/18 22:30,36.31,100.69,39.38,-2225.45,17024.36,95.44,358.82,132.0,18.71,51.0
2024/1/18 22:45,39.05,100.69,39.38,-1600.0,15359.45,72.4,358.82,129.0,18.71,53.87
2024/1/18 23:00,18.5,100.46,43.81,-1600.0,17416.92,103.12,312.75,132.0,117.3,50.99
2024/1/18 23:15,-6.69,100.46,43.81,-1600.0,19542.58,86.06,312.75,132.0,117.3,51.33
2024/1/18 23:30,-22.94,102.38,43.81,-1356.77,19284.78,85.72,312.75,129.0,117.3,50.29
2024/1/18 23:45,-65.34,102.38,43.81,-939.47,19474.94,25.89,312.75,129.0,117.3,48.69
2024/1/19 0:00,-135.15,113.81,26.74,-889.78,15192.17,29.71,331.37,-5.0,26.47,41.72
2024/1/19 0:15,-99.94,113.81,26.74,-789.62,13332.49,-135.67,331.37,-5.0,26.47,41.72
2024/1/19 0:30,-17.13,115.57,26.74,-957.23,14400.74,20.65,331.37,-5.0,26.47,41.72
2024/1/19 0:45,99.0,115.57,26.74,-965.54,11161.63,0.0,331.37,-5.0,26.47,41.72
2024/1/19 1:00,99.0,123.9,35.81,-851.01,11394.79,46.55,331.37,129.0,33.71,38.96
2024/1/19 1:15,99.13,123.9,35.81,-893.89,8171.84,80.51,331.37,129.0,33.71,38.96
2024/1/19 1:30,102.41,119.9,35.81,-566.19,3175.33,83.64,331.37,129.0,33.71,38.96
2024/1/19 1:45,99.19,119.9,35.81,-379.85,1362.31,80.44,331.37,129.0,33.71,38.96
2024/1/19 2:00,99.08,158.75,73.11,-1860.3,1938.38,51.45,297.17,129.0,19.21,91.62
2024/1/19 2:15,98.34,158.75,73.11,-1201.56,2328.17,22.01,297.17,-5.0,19.21,91.62
2024/1/19 2:30,99.7,131.06,73.11,-470.89,3664.44,80.98,297.17,-5.0,19.21,39.26
2024/1/19 2:45,101.4,131.06,73.11,-542.97,4975.25,81.61,297.17,-5.0,19.21,91.62
2024/1/19 3:00,112.12,120.96,69.03,-671.64,3975.75,-4.96,291.99,-5.0,11.13,37.66
2024/1/19 3:15,106.93,120.96,69.03,-485.61,3135.01,23.56,291.99,-5.0,11.13,37.66
2024/1/19 3:30,114.64,31.67,69.03,-734.07,1815.89,42.19,291.99,129.0,11.13,37.66
2024/1/19 3:45,115.29,31.67,69.03,-858.69,4955.12,81.67,291.99,129.0,11.13,37.66
2024/1/19 4:00,105.26,101.25,47.73,-916.56,6312.44,106.15,297.17,-5.0,6.39,37.99
2024/1/19 4:15,98.34,101.25,47.73,-887.8,5134.76,80.84,297.17,-5.0,6.39,37.99
2024/1/19 4:30,26.38,35.4,47.73,-847.64,5335.13,39.68,297.17,129.0,6.39,37.99
2024/1/19 4:45,6.07,35.4,47.73,-451.02,4351.48,-1.62,297.17,129.0,6.39,37.99
2024/1/19 5:00,-25.87,30.5,29.18,-1061.04,9413.13,-57.82,297.17,129.0,0.0,40.52
2024/1/19 5:15,13.13,30.5,29.18,-1067.03,10252.38,23.86,297.17,-5.0,0.0,40.52
2024/1/19 5:30,7.9,44.32,29.18,-635.68,5971.05,49.05,297.17,129.0,0.0,94.56
2024/1/19 5:45,113.44,44.32,29.18,-210.06,5546.13,64.54,297.17,132.0,0.0,94.56
2024/1/19 6:00,112.7,43.14,12.34,-394.48,6310.83,-58.71,320.9,-5.0,41.63,46.94
2024/1/19 6:15,114.8,43.14,12.34,-5.94,12575.1,110.74,320.9,-1.9,41.63,109.54
2024/1/19 6:30,113.29,190.7,12.34,-719.91,14398.73,47.2,320.9,129.0,41.63,109.54
2024/1/19 6:45,114.91,190.7,12.34,-3055.33,13377.52,113.7,320.9,129.0,41.63,109.54
2024/1/19 7:00,-4.14,208.05,4.42,-812.66,14185.36,112.48,408.38,-5.0,25.75,128.53
2024/1/19 7:15,48.66,208.05,4.42,-842.94,13170.36,93.37,408.38,129.0,25.75,55.09
2024/1/19 7:30,23.24,227.64,4.42,-1057.71,8176.38,107.81,408.38,132.0,25.75,55.09
2024/1/19 7:45,113.73,227.64,4.42,-1.03,13663.04,132.44,408.38,129.0,25.75,55.09
2024/1/19 8:00,39.05,185.93,53.48,-483.3,15726.86,98.79,440.87,-5.0,31.32,62.56
2024/1/19 8:15,65.31,185.93,53.48,-211.69,15938.58,108.99,440.87,145.97,31.32,62.56
2024/1/19 8:30,111.26,283.02,53.48,-1769.32,15555.0,110.99,440.87,145.97,31.32,145.98
2024/1/19 8:45,112.33,283.02,53.48,-4.7,82798.01,86.58,440.87,145.97,31.32,145.98
2024/1/19 9:00,133.99,234.52,63.92,-123.09,84568.83,84.64,528.69,144.53,31.86,144.76
2024/1/19 9:15,129.55,234.52,63.92,-4.2,17777.0,37.75,528.69,144.53,31.86,144.76
2024/1/19 9:30,264.54,262.84,63.92,-18.47,17777.0,80.21,528.69,144.53,31.86,144.76
2024/1/19 9:45,212.63,262.84,63.92,-156.93,39542.25,93.26,528.69,-5.0,31.86,144.76
2024/1/19 10:00,152.43,279.15,56.95,-596.34,90333.01,86.07,528.69,-5.0,32.7,134.69
2024/1/19 10:15,124.69,279.15,56.95,-2230.36,36872.39,105.15,528.69,-0.09,32.7,57.73
2024/1/19 10:30,128.28,277.31,56.95,-14.43,93615.74,114.4,528.69,134.58,32.7,57.73
2024/1/19 10:45,119.16,277.31,56.95,-39.31,36872.39,104.78,528.69,-5.0,32.7,57.73
2024/1/19 11:00,44.71,265.4,45.82,-936.05,33202.77,103.28,528.17,132.0,26.99,52.06
2024/1/19 11:15,105.23,265.4,45.82,-78.88,33202.77,102.93,528.17,132.0,26.99,52.06
2024/1/19 11:30,100.0,34.31,45.82,950.0,33202.77,80.99,528.17,132.0,26.99,52.06
2024/1/19 11:45,100.0,34.31,45.82,950.0,79874.0,88.64,528.17,132.0,26.99,52.06
2024/1/19 12:00,114.92,31.2,61.92,3300.0,20178.0,110.72,527.54,132.0,102.66,109.41
2024/1/19 12:15,125.27,31.2,61.92,3300.0,16988.52,91.79,527.54,126.0,102.66,109.41
2024/1/19 12:30,20.7,-23.43,61.92,912.92,16520.03,25.32,527.54,126.0,102.66,46.89
2024/1/19 12:45,25.89,-23.43,61.92,1146.9,16988.83,80.92,527.54,132.0,102.66,46.89
2024/1/19 13:00,41.65,35.35,54.58,820.73,18267.38,48.62,481.15,129.0,117.74,103.59
2024/1/19 13:15,112.98,35.35,54.58,851.95,18182.52,57.71,481.15,-0.09,117.74,103.59
2024/1/19 13:30,109.18,41.9,54.58,848.33,20178.0,35.69,481.15,-0.09,117.74,103.59
2024/1/19 13:45,109.36,41.9,54.58,826.09,19343.19,60.3,481.15,-0.09,117.74,44.39
2024/1/19 14:00,107.0,51.17,64.17,1905.35,18566.65,57.51,453.49,-0.09,95.67,106.13
2024/1/19 14:15,104.88,51.17,64.17,1048.36,17000.0,63.78,453.49,-0.09,95.67,106.13
2024/1/19 14:30,125.13,44.0,64.17,1138.58,18054.14,61.19,453.49,-0.09,95.67,106.13
2024/1/19 14:45,-0.61,44.0,64.17,847.08,18625.97,13.17,453.49,129.0,95.67,45.49
2024/1/19 15:00,5.53,47.85,52.63,-4616.19,18474.27,86.33,528.09,-5.0,149.16,126.14
2024/1/19 15:15,22.55,47.85,52.63,-3656.42,18632.18,33.82,528.09,-5.0,149.16,54.06
2024/1/19 15:30,108.89,56.91,52.63,-2849.91,18849.01,41.22,528.09,130.0,149.16,54.06
2024/1/19 15:45,109.85,56.91,52.63,-2062.78,18500.0,33.98,528.09,-5.0,149.16,54.06
2024/1/19 16:00,34.55,57.84,61.68,-3331.34,20128.11,105.73,481.15,135.09,152.24,57.47
2024/1/19 16:15,19.21,57.84,61.68,-1600.0,21053.0,84.74,481.15,135.09,152.24,57.47
2024/1/19 16:30,-8.39,61.94,61.68,-1600.0,37734.26,1.89,481.15,135.09,152.24,57.47
2024/1/19 16:45,34.26,61.94,61.68,3300.0,81332.11,123.29,481.15,141.09,152.24,57.47
2024/1/19 17:00,20.92,74.13,54.05,-1600.0,78951.78,32.62,528.14,146.21,215.6,61.21
2024/1/19 17:15,119.91,74.13,54.05,-1600.0,82545.27,74.91,528.14,146.21,215.6,61.21
2024/1/19 17:30,116.19,100.85,54.05,-1600.0,94408.0,77.14,528.14,143.0,215.6,61.21
2024/1/19 17:45,125.55,100.85,54.05,-1600.0,79133.84,76.67,528.14,143.0,215.6,61.21
2024/1/19 18:00,108.87,85.53,78.45,-1600.0,79111.0,104.19,453.49,136.74,169.08,60.42
2024/1/19 18:15,130.41,85.53,78.45,-1600.0,21187.0,99.0,453.49,119.0,169.08,60.42
2024/1/19 18:30,127.36,90.95,78.45,-1900.36,21187.0,145.59,453.49,136.74,169.08,60.42
2024/1/19 18:45,48.2,90.95,78.45,-1600.0,38707.2,109.02,453.49,136.74,169.08,60.42
2024/1/19 19:00,36.28,87.05,84.21,950.0,75302.0,47.72,481.15,139.25,145.71,57.45
2024/1/19 19:15,50.86,87.05,84.21,950.0,77798.14,137.09,481.15,136.0,145.71,57.45
2024/1/19 19:30,37.01,29.35,84.21,-1600.0,37423.99,88.75,481.15,133.25,145.71,57.45
2024/1/19 19:45,42.33,29.35,84.21,-1600.0,74321.0,41.05,481.15,139.25,145.71,57.45
2024/1/19 20:00,8.77,88.15,65.65,-1600.0,81212.59,38.04,468.77,132.0,152.2,53.23
2024/1/19 20:15,125.64,88.15,65.65,-1600.0,82028.92,37.77,468.77,129.0,152.2,53.23
2024/1/19 20:30,100.0,44.0,65.65,-1600.0,16041.94,26.02,468.77,-5.0,152.2,53.23
2024/1/19 20:45,101.02,44.0,65.65,-1176.47,15401.74,16.16,468.77,-5.0,152.2,53.23
2024/1/19 21:00,105.83,88.25,42.76,-565.1,15280.85,19.91,326.77,126.0,9.75,44.75
2024/1/19 21:15,-4.47,88.25,42.76,-885.19,16865.75,3.12,326.77,126.0,9.75,44.75
2024/1/19 21:30,100.0,92.34,42.76,-987.98,17343.04,20.51,326.77,126.0,9.75,44.75
2024/1/19 21:45,101.89,92.34,42.76,-833.48,17201.97,-29.19,326.77,-5.0,9.75,44.75
2024/1/19 22:00,41.14,87.11,26.32,-490.64,17256.0,57.72,307.01,132.0,30.48,46.69
2024/1/19 22:15,36.78,87.11,26.32,-326.14,18729.93,65.62,307.01,129.0,30.48,46.69
2024/1/19 22:30,-27.39,97.11,26.32,-636.39,18207.24,78.07,307.01,132.0,30.48,46.69
2024/1/19 22:45,16.1,97.11,26.32,-658.54,18204.78,71.65,307.01,132.0,30.48,46.69
2024/1/19 23:00,30.25,88.85,26.13,-228.0,18228.0,121.15,285.06,132.0,22.41,40.73
2024/1/19 23:15,26.03,88.85,26.13,-361.0,17493.69,131.54,285.06,0.0,22.41,95.03
2024/1/19 23:30,120.43,91.84,26.13,-447.41,18348.37,105.81,285.06,132.0,22.41,40.73
2024/1/19 23:45,119.92,91.84,26.13,-520.5,17490.51,77.78,285.06,-1.9,22.41,40.73
2024/1/20 0:00,-20.88,120.07,14.71,-172.44,15483.98,111.78,247.96,132.0,97.13,97.72
2024/1/20 0:15,-28.99,120.07,14.71,-607.95,16158.66,-8.1,247.96,-2.99,97.13,41.88
2024/1/20 0:30,-36.92,122.03,14.71,-1041.0,18650.6,53.04,247.96,-5.0,97.13,41.88
2024/1/20 0:45,-38.78,122.03,14.71,-2641.04,18873.48,68.93,247.96,-5.0,97.13,41.88
2024/1/20 1:00,-21.59,116.82,36.26,950.0,16626.67,77.78,225.5,132.0,95.08,90.23
2024/1/20 1:15,-10.79,116.82,36.26,950.0,15410.52,71.15,225.5,-2.99,95.08,38.67
2024/1/20 1:30,104.17,117.4,36.26,-1600.0,15422.52,75.43,225.5,-0.9,95.08,38.67
2024/1/20 1:45,18.77,117.4,36.26,950.0,15526.24,86.65,225.5,-5.0,95.08,38.67
2024/1/20 2:00,129.51,118.04,51.94,3300.0,16768.89,128.2,247.95,132.0,93.37,91.81
2024/1/20 2:15,122.81,118.04,51.94,3300.0,16870.0,107.39,247.95,-0.9,93.37,91.81
2024/1/20 2:30,125.19,121.1,51.94,3300.0,15878.25,123.72,247.95,127.0,93.37,91.81
2024/1/20 2:45,117.64,121.1,51.94,-1600.0,17136.93,77.16,247.95,-5.0,93.37,39.35
2024/1/20 3:00,-22.98,116.01,52.97,950.0,16856.3,71.15,220.51,129.0,94.4,37.75
2024/1/20 3:15,-22.06,116.01,52.97,-1600.0,16455.06,74.15,220.51,127.0,94.4,88.09
2024/1/20 3:30,113.36,70.89,52.97,950.0,17484.87,76.75,220.51,129.0,94.4,37.75
2024/1/20 3:45,113.25,70.89,52.97,950.0,18759.34,3.54,220.51,-5.0,94.4,37.75
2024/1/20 4:00,126.8,104.56,45.3,-1600.0,18868.98,127.45,225.5,-5.0,92.83,87.25
2024/1/20 4:15,122.22,104.56,45.3,-1600.0,23833.37,123.78,225.5,-0.9,92.83,87.25
2024/1/20 4:30,121.83,9.14,45.3,3300.0,18925.0,65.77,225.5,-0.9,92.83,87.25
2024/1/20 4:45,119.47,9.14,45.3,3300.0,18715.9,113.76,225.5,127.0,92.83,87.25
2024/1/20 5:00,5.84,103.48,44.83,-1600.0,18459.79,87.09,220.51,-5.0,26.04,37.73
2024/1/20 5:15,-15.95,103.48,44.83,-1960.37,18776.85,101.57,220.51,129.0,26.04,88.03
2024/1/20 5:30,4.54,102.87,44.83,-1600.0,18383.49,3.77,220.51,-5.0,26.04,88.03
2024/1/20 5:45,115.32,102.87,44.83,-1600.0,18502.57,55.75,220.51,129.0,26.04,88.03
2024/1/20 6:00,119.92,27.8,41.28,-2952.5,17699.07,-149.11,220.51,-5.0,10.84,90.79
2024/1/20 6:15,118.03,27.8,41.28,-1600.0,16114.13,-1.13,220.51,-2.99,10.84,90.79
2024/1/20 6:30,119.64,92.87,41.28,3300.0,16437.03,30.05,220.51,127.0,10.84,90.79
2024/1/20 6:45,118.67,92.87,41.28,3300.0,17229.0,109.71,220.51,129.0,10.84,90.79
2024/1/20 7:00,39.66,107.84,49.54,-1600.0,16229.09,113.29,241.14,-5.0,0.0,41.76
2024/1/20 7:15,-6.31,107.84,49.54,-1600.0,16500.0,118.37,241.14,-0.9,0.0,97.44
2024/1/20 7:30,120.26,138.79,49.54,950.0,16502.0,129.89,241.14,-0.9,0.0,97.44
2024/1/20 7:45,-17.29,138.79,49.54,950.0,18784.0,119.82,241.14,-0.9,0.0,97.44
2024/1/20 8:00,120.11,160.77,34.97,1296.37,54530.41,112.66,330.92,-0.9,103.74,108.71
2024/1/20 8:15,124.59,160.77,34.97,939.09,54664.52,99.55,330.92,-0.9,103.74,108.71
2024/1/20 8:30,123.54,137.97,34.97,906.77,71134.66,123.84,330.92,-0.9,103.74,108.71
2024/1/20 8:45,-11.41,137.97,34.97,889.74,79239.44,118.42,330.92,-0.9,103.74,108.71
2024/1/20 9:00,-21.51,80.09,33.5,889.71,104206.97,119.63,294.12,132.0,110.33,113.54
2024/1/20 9:15,120.3,80.09,33.5,1100.74,88146.77,117.2,294.12,125.0,110.33,113.54
2024/1/20 9:30,121.65,91.27,33.5,1487.62,91929.01,118.28,294.12,-0.9,110.33,113.54
2024/1/20 9:45,120.74,91.27,33.5,1168.76,105645.09,60.33,294.12,-0.9,110.33,113.54
2024/1/20 10:00,122.4,113.58,19.81,1520.03,112848.85,114.8,265.31,-2.0,105.57,99.49
2024/1/20 10:15,-31.97,113.58,19.81,-1600.0,28544.89,99.85,265.31,-5.0,105.57,97.78
2024/1/20 10:30,-30.11,83.89,19.81,-1600.0,9326.43,102.12,265.31,-5.0,105.57,97.98
2024/1/20 10:45,-33.13,83.89,19.81,-1600.0,3149.34,74.43,265.31,-5.0,105.57,97.79
2024/1/20 11:00,124.62,93.09,15.63,-1600.0,4194.82,76.27,220.51,-5.0,102.78,96.62
2024/1/20 11:15,122.51,93.09,15.63,-1600.0,5939.01,9.08,220.51,-5.0,102.78,94.48
2024/1/20 11:30,109.0,91.46,15.63,-1299.24,5200.26,-2.77,220.51,-5.0,102.78,94.36
2024/1/20 11:45,109.0,91.46,15.63,-1112.34,6958.94,-40.6,220.51,-5.0,102.78,94.35
2024/1/20 12:00,-28.77,84.78,32.73,-866.28,10706.51,99.41,113.81,-5.0,117.71,91.32
2024/1/20 12:15,109.0,84.78,32.73,-1059.93,6717.0,-27.85,113.81,-5.0,117.71,90.78
2024/1/20 12:30,109.0,38.7,32.73,-1170.53,2253.7,-32.51,113.81,-5.0,117.71,90.79
2024/1/20 12:45,109.0,38.7,32.73,-1330.68,1465.12,-54.2,113.81,-5.0,117.71,90.79
2024/1/20 13:00,-20.0,43.12,49.97,-1145.38,1868.24,105.02,70.2,-5.0,0.0,89.87
2024/1/20 13:15,-32.81,43.12,49.97,-1073.53,-2181.21,-33.27,70.2,-5.0,0.0,96.7
2024/1/20 13:30,-32.27,45.89,49.97,-1270.06,-3208.72,70.9,70.2,-5.0,0.0,96.7
2024/1/20 13:45,-50.05,45.89,49.97,-1060.49,-4081.58,84.48,70.2,-5.0,0.0,41.44
2024/1/20 14:00,-37.76,46.8,42.93,-1128.34,-4453.72,50.2,73.52,-5.0,23.55,102.76
2024/1/20 14:15,117.0,46.8,42.93,-926.6,-3817.94,85.44,73.52,-5.0,23.55,102.76
2024/1/20 14:30,-18.85,41.07,42.93,-852.55,525.55,121.53,73.52,-5.0,23.55,102.76
2024/1/20 14:45,119.68,41.07,42.93,-808.68,-5191.23,108.92,73.52,-5.0,23.55,102.76
2024/1/20 15:00,-10.59,40.49,-5.27,-1076.49,-1587.31,-13.04,98.92,-5.0,38.22,48.84
2024/1/20 15:15,-39.53,40.49,-5.27,-9.58,-3671.97,-24.16,98.92,-5.0,38.22,48.84
2024/1/20 15:30,-0.78,30.27,-5.27,943.04,720.83,5.36,98.92,-0.9,38.22,113.96
2024/1/20 15:45,-5.2,30.27,-5.27,3300.0,5161.0,16.81,98.92,132.0,38.22,113.96
2024/1/20 16:00,35.85,30.14,18.9,-1600.0,3711.58,64.42,265.32,-5.0,56.49,56.09
2024/1/20 16:15,43.62,30.14,18.9,3300.0,4998.04,109.58,265.32,-0.9,56.49,56.09
2024/1/20 16:30,57.57,30.28,18.9,3300.0,6027.0,149.75,265.32,129.0,56.49,130.87
2024/1/20 16:45,55.97,30.28,18.9,2305.87,80512.61,138.84,265.32,132.0,56.49,130.87
2024/1/20 17:00,-11.92,37.72,15.85,1591.28,8919.0,39.16,342.68,-5.0,14.13,59.69
2024/1/20 17:15,37.08,37.72,15.85,1427.43,7797.0,123.44,342.68,-0.9,14.13,139.27
2024/1/20 17:30,124.37,151.33,15.85,1291.1,1619.0,80.3,342.68,136.38,14.13,139.27
2024/1/20 17:45,125.19,151.33,15.85,1223.7,10611.0,125.12,342.68,136.38,14.13,139.27
2024/1/20 18:00,123.39,108.0,65.32,4301.18,11111.0,131.05,299.71,-5.0,6.08,61.31
2024/1/20 18:15,54.44,108.0,65.32,3483.68,13995.54,93.82,299.71,-0.9,6.08,61.31
2024/1/20 18:30,26.03,100.1,65.32,-2301.97,16111.92,94.18,299.71,138.0,6.08,61.31
2024/1/20 18:45,34.71,100.1,65.32,2548.94,18628.57,92.29,299.71,-5.0,6.08,61.31
2024/1/20 19:00,23.31,88.9,81.52,3689.07,17398.5,102.11,288.58,-5.0,31.63,55.75
2024/1/20 19:15,24.14,88.9,81.52,3631.36,16021.48,92.96,288.58,-5.0,31.63,55.75
2024/1/20 19:30,28.04,88.03,81.52,2980.82,15465.22,91.97,288.58,-2.0,31.63,55.75
2024/1/20 19:45,25.87,88.03,81.52,2372.14,17331.53,90.51,288.58,-5.0,31.63,55.75
2024/1/20 20:00,122.17,155.11,71.71,1205.44,17131.98,33.34,265.29,132.0,34.55,52.63
2024/1/20 20:15,121.27,155.11,71.71,1281.82,11677.98,25.17,265.29,-2.0,34.55,52.63
2024/1/20 20:30,120.14,96.59,71.71,2310.12,12169.47,46.65,265.29,129.0,34.55,52.63
2024/1/20 20:45,117.0,96.59,71.71,-2175.12,13550.3,47.65,265.29,-5.0,34.55,52.63
2024/1/20 21:00,121.0,84.38,62.04,1448.81,14571.61,74.48,241.14,-5.0,11.27,45.78
2024/1/20 21:15,119.26,84.38,62.04,975.89,15105.57,46.74,241.14,129.0,11.27,106.82
2024/1/20 21:30,19.68,40.5,62.04,1241.72,13996.36,110.16,241.14,129.0,11.27,106.82
2024/1/20 21:45,18.5,40.5,62.04,1526.48,16015.97,91.09,241.14,129.0,11.27,45.78
2024/1/20 22:00,7.97,61.77,56.66,967.91,14125.09,73.91,288.58,-0.9,35.8,105.81
2024/1/20 22:15,-15.46,61.77,56.66,869.07,14425.58,-20.43,288.58,129.0,35.8,45.35
2024/1/20 22:30,119.27,63.21,56.66,-1296.7,15232.89,6.35,288.58,129.0,35.8,45.35
2024/1/20 22:45,118.5,63.21,56.66,-2303.27,15599.28,115.05,288.58,132.0,35.8,45.35
2024/1/20 23:00,119.89,136.71,60.48,1549.25,17045.2,120.09,395.05,132.0,43.0,96.78
2024/1/20 23:15,119.84,136.71,60.48,1034.31,18305.85,80.51,395.05,129.0,43.0,41.48
2024/1/20 23:30,119.72,59.78,60.48,-1600.0,14926.81,115.76,395.05,132.0,43.0,41.48
2024/1/20 23:45,117.19,59.78,60.48,-4203.44,14183.82,91.13,395.05,129.0,43.0,41.48
2024/1/21 0:00,118.9,125.44,61.12,-1600.0,7029.11,116.67,332.24,-1.0,104.15,96.85
2024/1/21 0:15,115.34,125.44,61.12,-1600.0,5483.39,117.61,332.24,-1.0,104.15,96.85
2024/1/21 0:30,89.27,114.86,61.12,-1600.0,4366.0,68.58,332.24,127.0,104.15,41.51
2024/1/21 0:45,85.0,114.86,61.12,-1600.0,3554.19,63.03,332.24,-3.0,104.15,41.51
2024/1/21 1:00,91.32,125.81,65.0,-1600.0,2224.04,26.07,297.73,129.0,116.61,81.07
2024/1/21 1:15,100.63,125.81,65.0,-1600.0,1680.33,49.01,297.73,129.0,116.61,81.07
2024/1/21 1:30,85.0,124.97,65.0,-1600.0,2350.8,52.74,297.73,127.0,116.61,34.75
2024/1/21 1:45,85.0,124.97,65.0,-1600.0,2661.41,45.47,297.73,-5.0,116.61,34.75
2024/1/21 2:00,115.68,112.83,66.15,-1600.0,2633.1,18.59,297.73,-3.0,105.23,77.21
2024/1/21 2:15,104.39,112.83,66.15,-1600.0,8574.29,56.41,297.73,-5.0,105.23,33.09
2024/1/21 2:30,114.26,115.04,66.15,-1600.0,375.26,120.48,297.73,-1.0,105.23,33.09
2024/1/21 2:45,93.92,115.04,66.15,-1600.0,2540.91,68.0,297.73,-1.0,105.23,33.09
2024/1/21 3:00,102.91,113.86,57.38,-1600.0,2837.24,101.45,289.58,132.0,83.02,71.25
2024/1/21 3:15,89.29,113.86,57.38,-1600.0,3822.72,71.59,289.58,129.0,83.02,71.25
2024/1/21 3:30,102.01,84.75,57.38,3300.0,2066.85,98.86,289.58,129.0,83.02,71.25
2024/1/21 3:45,95.26,84.75,57.38,3300.0,2999.0,80.15,289.58,132.0,83.02,71.25
2024/1/21 4:00,115.02,104.6,82.55,3300.0,2777.0,115.78,297.73,129.0,91.99,73.77
2024/1/21 4:15,89.3,104.6,82.55,3300.0,2845.0,48.64,297.73,129.0,91.99,73.77
2024/1/21 4:30,88.48,60.78,82.55,3300.0,4686.0,32.21,297.73,129.0,91.99,73.77
2024/1/21 4:45,0.57,60.78,82.55,3300.0,5230.24,29.7,297.73,132.0,91.99,73.77
2024/1/21 5:00,93.03,105.91,56.11,3300.0,4896.04,93.32,297.73,-5.0,77.81,81.8
2024/1/21 5:15,105.57,105.91,56.11,3300.0,6012.0,32.65,297.73,-1.0,77.81,81.8
2024/1/21 5:30,113.7,95.38,56.11,3300.0,3211.0,66.61,297.73,-1.0,77.81,81.8
2024/1/21 5:45,111.92,95.38,56.11,3300.0,4011.0,76.97,297.73,132.0,77.81,81.8
2024/1/21 6:00,100.24,69.77,51.87,-1600.0,4741.89,96.7,333.33,-5.0,62.11,81.44
2024/1/21 6:15,104.22,69.77,51.87,3300.0,4999.0,104.55,333.33,-1.0,62.11,81.44
2024/1/21 6:30,105.77,83.3,51.87,3300.0,4998.0,117.03,333.33,-1.0,62.11,81.44
2024/1/21 6:45,-52.88,83.3,51.87,3300.0,3899.0,136.35,333.33,132.0,62.11,81.44
2024/1/21 7:00,-78.55,74.45,61.97,3300.0,3999.0,33.28,333.34,-5.0,94.85,87.95
2024/1/21 7:15,102.24,74.45,61.97,3300.0,3792.65,108.56,333.34,-1.0,94.85,87.95
2024/1/21 7:30,101.99,75.57,61.97,3300.0,24967.2,39.97,333.34,-1.0,94.85,87.95
2024/1/21 7:45,102.39,75.57,61.97,3300.0,2010.53,103.46,333.34,129.0,94.85,87.95
2024/1/21 8:00,114.68,66.24,57.03,3300.0,598.1,96.54,335.55,129.0,72.71,39.02
2024/1/21 8:15,106.02,66.24,57.03,2543.84,788.04,50.6,335.55,129.0,72.71,39.02
2024/1/21 8:30,19.89,60.4,57.03,1254.68,161.48,60.81,335.55,129.0,72.71,91.04
2024/1/21 8:45,15.09,60.4,57.03,1234.89,566.73,53.63,335.55,129.0,72.71,91.04
2024/1/21 9:00,119.15,33.13,41.58,1268.33,598.05,131.91,333.44,132.0,72.74,35.41
2024/1/21 9:15,119.27,33.13,41.58,1066.25,603.81,67.07,333.44,129.0,72.74,82.61
2024/1/21 9:30,117.97,28.54,41.58,776.99,1798.67,45.18,333.44,-1.0,72.74,82.61
2024/1/21 9:45,119.47,28.54,41.58,850.64,1080.13,32.81,333.44,-1.0,72.74,82.61
2024/1/21 10:00,121.56,123.85,18.87,753.62,79952.58,121.1,266.92,-1.0,63.12,76.87
2024/1/21 10:15,119.84,123.85,18.87,834.16,5347.13,53.91,266.92,-1.0,63.12,76.87
2024/1/21 10:30,118.93,50.34,18.87,779.54,-1236.42,22.89,266.92,-1.0,63.12,76.87
2024/1/21 10:45,118.34,50.34,18.87,738.68,251.42,25.62,266.92,-5.0,63.12,76.87
2024/1/21 11:00,119.55,154.77,12.92,806.21,79952.72,53.53,266.91,-5.0,55.03,31.75
2024/1/21 11:15,119.61,154.77,12.92,780.78,79953.28,40.59,266.91,-1.0,55.03,31.75
2024/1/21 11:30,119.96,164.31,12.92,740.93,79952.0,39.98,266.91,-1.0,55.03,31.75
2024/1/21 11:45,118.99,164.31,12.92,1497.51,-304.93,30.68,266.91,-5.0,55.03,31.75
2024/1/21 12:00,118.93,96.68,5.99,-1600.0,3753.15,28.83,241.43,-5.0,4.42,28.17
2024/1/21 12:15,108.88,96.68,5.99,-1600.0,-877.05,19.7,241.43,-5.0,4.42,28.17
2024/1/21 12:30,110.0,72.12,5.99,-1600.0,-498.85,39.96,241.43,-5.0,4.42,28.17
2024/1/21 12:45,110.0,72.12,5.99,-1667.8,777.92,41.74,241.43,-5.0,4.42,28.17
2024/1/21 13:00,119.73,57.31,-1.37,-1600.0,-8.79,29.0,266.92,-5.0,18.33,28.24
2024/1/21 13:15,110.0,57.31,-1.37,-1643.46,165.92,7.66,266.92,-5.0,18.33,28.24
2024/1/21 13:30,110.0,61.75,-1.37,-1600.0,132.23,34.29,266.92,-5.0,18.33,28.24
2024/1/21 13:45,-4.06,61.75,-1.37,3300.0,-524.01,-1.17,266.92,-5.0,18.33,30.58
2024/1/21 14:00,-19.14,70.64,-6.36,-2342.75,-96.71,-19.91,266.95,-5.0,26.21,36.67
2024/1/21 14:15,-20.29,70.64,-6.36,-1600.0,-555.17,-23.05,266.95,-5.0,26.21,37.48
2024/1/21 14:30,119.49,72.89,-6.36,3300.0,-91.03,104.52,266.95,-5.0,26.21,38.19
2024/1/21 14:45,32.91,72.89,-6.36,3300.0,-947.28,94.92,266.95,-1.0,26.21,38.43
2024/1/21 15:00,8.79,48.49,-14.37,-1600.0,-3953.0,93.34,332.24,-5.0,23.98,95.56
2024/1/21 15:15,118.73,48.49,-14.37,3300.0,-1410.65,100.57,332.24,-1.0,23.98,40.96
2024/1/21 15:30,-0.87,64.98,-14.37,1249.09,284.64,119.77,332.24,-1.0,23.98,40.96
2024/1/21 15:45,-8.67,64.98,-14.37,1128.38,-405.0,123.71,332.24,-1.0,23.98,95.56
2024/1/21 16:00,4.02,38.04,-66.86,4338.04,-1128.77,-4.85,332.23,-5.0,10.29,52.12
2024/1/21 16:15,110.0,38.04,-66.86,1511.68,-1327.01,23.27,332.23,-5.0,10.29,52.12
2024/1/21 16:30,49.01,42.86,-66.86,993.18,-1303.74,50.18,332.23,-2.99,10.29,52.12
2024/1/21 16:45,60.13,42.86,-66.86,1461.91,440.54,71.6,332.23,132.0,10.29,52.12
2024/1/21 17:00,-35.8,38.24,2.55,1009.1,-502.62,-37.8,332.83,-5.0,147.46,57.47
2024/1/21 17:15,119.64,38.24,2.55,953.85,-748.69,76.16,332.83,-5.0,147.46,60.81
2024/1/21 17:30,119.92,32.05,2.55,1007.04,-1492.83,74.32,332.83,132.0,147.46,62.86
2024/1/21 17:45,44.84,32.05,2.55,1245.37,-1193.0,120.89,332.83,132.0,147.46,62.88
2024/1/21 18:00,117.0,17.52,29.13,985.97,413.43,96.38,288.93,132.0,85.4,64.9
2024/1/21 18:15,119.49,17.52,29.13,1098.53,1256.64,88.9,288.93,-2.99,85.4,65.14
2024/1/21 18:30,117.54,18.28,29.13,1211.55,40185.78,80.6,288.93,132.0,85.4,65.31
2024/1/21 18:45,36.88,18.28,29.13,1715.09,79954.26,55.22,288.93,-0.2,85.4,65.26
2024/1/21 19:00,35.08,29.53,44.32,1327.8,79953.8,77.61,332.23,132.0,140.36,62.68
2024/1/21 19:15,35.04,29.53,44.32,1108.85,79655.52,69.1,332.23,132.0,140.36,62.79
2024/1/21 19:30,35.07,15.95,44.32,1254.14,38983.0,55.05,332.23,132.0,140.36,62.76
2024/1/21 19:45,35.01,15.95,44.32,-1600.0,-211.0,46.88,332.23,-0.2,140.36,62.76
2024/1/21 20:00,34.78,64.31,61.6,1192.2,100759.21,98.25,332.83,-1.0,122.16,60.12
2024/1/21 20:15,14.81,64.31,61.6,1271.66,676.0,77.57,332.83,-1.0,122.16,60.12
2024/1/21 20:30,33.85,20.94,61.6,1245.95,5137.0,86.67,332.83,-5.0,122.16,59.54
2024/1/21 20:45,5.6,20.94,61.6,1309.26,-177.0,40.47,332.83,-5.0,122.16,51.61
2024/1/21 21:00,33.44,54.91,29.23,3300.0,-111.0,94.02,288.93,-5.0,96.87,39.93
2024/1/21 21:15,17.02,54.91,29.23,3300.0,-55.89,84.06,288.93,132.0,96.87,93.17
2024/1/21 21:30,85.0,15.84,29.23,3300.0,3295.67,61.8,288.93,-5.0,96.87,93.17
2024/1/21 21:45,85.0,15.84,29.23,3300.0,2470.33,45.67,288.93,-5.0,96.87,93.17
2024/1/21 22:00,132.77,8.44,1.19,3300.0,2948.14,126.85,288.93,132.0,90.21,90.92
2024/1/21 22:15,100.69,8.44,1.19,3300.0,2149.03,78.68,288.93,132.0,90.21,90.92
2024/1/21 22:30,94.93,-1.57,1.19,3300.0,866.27,63.4,288.93,-1.0,90.21,90.92
2024/1/21 22:45,109.68,-1.57,1.19,3300.0,1557.28,58.32,288.93,-5.0,90.21,38.96
2024/1/21 23:00,108.58,27.67,6.42,3300.0,351.92,101.74,266.96,132.0,73.53,83.99
2024/1/21 23:15,85.0,27.67,6.42,3300.0,1590.0,63.18,266.96,132.0,73.53,83.99
2024/1/21 23:30,102.74,31.24,6.42,3300.0,3232.46,70.08,266.96,127.0,73.53,83.99
2024/1/21 23:45,85.0,31.24,6.42,3300.0,5360.62,26.72,266.96,-5.0,73.53,83.99
2024/1/22 0:00,-23.58,33.03,40.89,3300.0,1595.37,5.78,50.01,132.0,74.16,71.62
2024/1/22 0:15,100.72,33.03,40.89,3300.0,20013.77,98.59,50.01,132.0,74.16,71.62
2024/1/22 0:30,-31.06,-51.6,40.89,3300.0,20013.77,96.39,50.01,-5.0,74.16,71.62
2024/1/22 0:45,-18.68,-51.6,40.89,3300.0,20013.77,72.49,50.01,-5.0,74.16,30.7
2024/1/22 1:00,-28.91,15.15,0.04,3300.0,21279.45,116.28,-14.04,-5.0,74.72,73.96
2024/1/22 1:15,-36.25,15.15,0.04,3300.0,21279.45,66.48,-14.04,-5.0,74.72,73.96
2024/1/22 1:30,-34.05,24.53,0.04,3300.0,21279.45,40.85,-14.04,-5.0,74.72,31.7
2024/1/22 1:45,-34.85,24.53,0.04,3300.0,75147.2,109.48,-14.04,-5.0,74.72,31.7
2024/1/22 2:00,104.04,-17.96,8.2,3300.0,76229.92,78.2,4.5,-1.99,70.87,70.07
2024/1/22 2:15,103.73,-17.96,8.2,3300.0,71788.02,102.97,4.5,-5.0,70.87,70.07
2024/1/22 2:30,102.69,-27.7,8.2,3300.0,70403.38,19.9,4.5,-5.0,70.87,70.07
2024/1/22 2:45,-31.42,-27.7,8.2,3300.0,14108.0,4.66,4.5,-5.0,70.87,30.03
2024/1/22 3:00,-28.36,-6.63,0.0,3300.0,69584.05,37.12,5.5,-5.0,71.26,60.17
2024/1/22 3:15,-26.02,-6.63,0.0,3300.0,68641.72,24.52,5.5,-1.99,71.26,60.17
2024/1/22 3:30,-24.67,-36.51,0.0,3300.0,68153.71,39.27,5.5,-1.99,71.26,60.17
2024/1/22 3:45,-31.16,-36.51,0.0,3300.0,68269.43,7.19,5.5,-5.0,71.26,60.17
2024/1/22 4:00,-25.92,-9.3,2.02,3300.0,8860.72,20.87,50.0,-5.0,67.34,28.93
2024/1/22 4:15,-25.67,-9.3,2.02,3300.0,14234.0,103.87,50.0,-5.0,67.34,67.49
2024/1/22 4:30,-15.99,-11.21,2.02,3300.0,69466.61,96.63,50.0,-1.99,67.34,67.49
2024/1/22 4:45,-11.22,-11.21,2.02,3300.0,71304.26,74.93,50.0,-1.99,67.34,67.49
2024/1/22 5:00,-0.79,32.83,1.68,-1769.31,16045.4,93.7,111.47,-5.0,93.81,42.14
2024/1/22 5:15,-25.22,32.83,1.68,3300.0,18214.0,108.73,111.47,-1.99,93.81,42.14
2024/1/22 5:30,100.79,32.72,1.68,3300.0,69574.8,187.0,111.47,132.0,93.81,98.32
2024/1/22 5:45,100.54,32.72,1.68,2410.5,71233.83,126.33,111.47,132.0,93.81,98.32
2024/1/22 6:00,-17.66,28.68,6.25,4160.27,14878.45,99.03,261.87,-5.0,130.12,132.3
2024/1/22 6:15,-17.42,28.68,6.25,1086.37,72126.26,93.34,261.87,0.0,130.12,132.3
2024/1/22 6:30,-29.81,97.94,6.25,1808.72,83035.44,107.75,261.87,151.76,130.12,132.3
2024/1/22 6:45,100.17,97.94,6.25,2014.82,96548.14,119.17,261.87,151.76,130.12,132.3
2024/1/22 7:00,106.16,15.99,31.67,1952.62,76954.97,6.36,286.86,-0.25,150.96,158.84
2024/1/22 7:15,104.1,15.99,31.67,2067.71,74454.27,0.0,286.86,-0.25,150.96,158.84
2024/1/22 7:30,106.37,100.71,31.67,1127.83,105541.46,0.0,286.86,-0.25,150.96,158.84
2024/1/22 7:45,100.47,100.71,31.67,1098.94,83404.13,100.59,286.86,-0.25,150.96,155.2
2024/1/22 8:00,116.09,48.97,46.41,1074.23,117952.7,122.55,279.48,0.0,141.37,159.1
2024/1/22 8:15,110.09,48.97,46.41,1132.27,97206.56,116.19,279.48,0.0,141.37,159.1
2024/1/22 8:30,144.51,71.27,46.41,1117.58,86558.07,52.64,279.48,169.6,141.37,159.1
2024/1/22 8:45,193.88,71.27,46.41,1119.67,105972.44,37.15,279.48,169.61,141.37,159.1
2024/1/22 9:00,100.31,16.7,27.48,1248.07,167316.8,24.2,246.34,141.45,134.49,158.75
2024/1/22 9:15,98.0,16.7,27.48,1043.54,179494.56,17.57,246.34,135.45,134.49,158.75
2024/1/22 9:30,98.0,26.27,27.48,1126.32,145509.01,44.43,246.34,135.45,134.49,158.75
2024/1/22 9:45,98.0,26.27,27.48,2502.74,152001.0,59.99,246.34,-1.99,134.49,158.75
2024/1/22 10:00,100.32,62.46,5.43,1014.9,126519.77,61.78,242.26,132.0,121.12,112.7
2024/1/22 10:15,98.0,62.46,5.43,1320.14,101596.04,54.63,242.26,0.0,121.12,112.7
2024/1/22 10:30,-5.21,43.16,5.43,973.75,100898.35,16.82,242.26,0.0,121.12,112.7
2024/1/22 10:45,-26.63,43.16,5.43,1035.48,100967.91,99.81,242.26,0.0,121.12,112.7
2024/1/22 11:00,-5.85,39.25,15.38,2835.32,106142.25,102.0,286.85,132.0,118.06,108.4
2024/1/22 11:15,-23.15,39.25,15.38,3031.18,135531.53,106.04,286.85,132.0,118.06,108.4
2024/1/22 11:30,-6.66,44.0,15.38,3050.51,146475.57,101.72,286.85,132.0,118.06,108.4
2024/1/22 11:45,-15.04,44.0,15.38,2723.1,123461.91,100.47,286.85,132.0,118.06,46.46
2024/1/22 12:00,-2.8,67.28,0.0,-1600.0,85716.2,8.05,294.6,132.0,134.9,39.33
2024/1/22 12:15,99.97,67.28,0.0,-1600.0,85856.9,63.68,294.6,132.0,134.9,39.33
2024/1/22 12:30,7.56,24.43,0.0,-1600.0,86648.24,54.27,294.6,126.0,134.9,39.33
2024/1/22 12:45,22.93,24.43,0.0,1408.69,92838.2,63.41,294.6,126.0,134.9,39.33
2024/1/22 13:00,99.93,70.79,3.9,3300.0,107967.27,80.03,347.28,132.0,64.57,49.27
2024/1/22 13:15,99.98,70.79,3.9,3300.0,84077.0,71.31,347.28,132.0,64.57,49.27
2024/1/22 13:30,-0.62,71.54,3.9,3300.0,86650.43,101.66,347.28,132.0,64.57,49.27
2024/1/22 13:45,-9.18,71.54,3.9,3300.0,82361.49,-11.8,347.28,132.0,64.57,49.27
2024/1/22 14:00,98.68,71.41,0.0,-1600.0,3617.39,46.01,289.6,126.0,78.46,118.02
2024/1/22 14:15,99.87,71.41,0.0,3300.0,3202.15,66.86,289.6,132.0,78.46,118.02
2024/1/22 14:30,99.99,66.02,0.0,3300.0,81369.64,3.03,289.6,132.0,78.46,118.02
2024/1/22 14:45,105.05,66.02,0.0,3300.0,81459.63,4.23,289.6,132.0,78.46,118.02
2024/1/22 15:00,-6.12,73.75,-0.52,3300.0,79089.96,78.6,286.85,132.0,163.89,54.2
2024/1/22 15:15,99.96,73.75,-0.52,3300.0,79018.02,100.07,286.85,132.0,163.89,126.48
2024/1/22 15:30,99.94,56.15,-0.52,3300.0,87827.79,94.7,286.85,132.0,163.89,126.48
2024/1/22 15:45,100.93,56.15,-0.52,1599.32,84297.58,152.97,286.85,132.0,163.89,126.48
2024/1/22 16:00,99.57,58.8,-12.86,3207.3,1154.6,75.67,347.48,-0.25,146.15,63.11
2024/1/22 16:15,-7.71,58.8,-12.86,1373.39,3035.7,109.44,347.48,169.51,146.15,147.25
2024/1/22 16:30,-8.28,66.95,-12.86,1474.39,89239.68,99.41,347.48,169.51,146.15,147.25
2024/1/22 16:45,-7.92,66.95,-12.86,1798.51,83165.4,112.71,347.48,169.51,146.15,147.25
2024/1/22 17:00,98.35,8.52,-2.59,1568.39,92308.51,58.29,347.48,134.07,231.45,146.99
2024/1/22 17:15,98.95,8.52,-2.59,1834.57,167267.01,101.72,347.48,134.07,231.45,146.99
2024/1/22 17:30,98.56,6.45,-2.59,1203.34,220848.07,52.01,347.48,-1.0,231.45,141.67
2024/1/22 17:45,114.8,6.45,-2.59,1589.27,251752.48,0.0,347.48,0.0,231.45,139.31
2024/1/22 18:00,110.96,2.64,21.06,1269.25,107509.35,66.94,347.48,117.9,54.94,127.77
2024/1/22 18:15,114.78,2.64,21.06,1517.65,97204.35,25.21,347.48,0.0,54.94,129.31
2024/1/22 18:30,111.89,2.96,21.06,1636.82,83862.09,78.8,347.48,117.9,54.94,128.26
2024/1/22 18:45,97.99,2.96,21.06,1893.07,110443.34,65.37,347.48,117.9,54.94,128.65
2024/1/22 19:00,-1.04,-4.84,27.47,2329.2,83801.8,18.24,289.6,139.73,146.18,141.51
2024/1/22 19:15,-3.05,-4.84,27.47,2395.5,97120.73,91.18,289.6,139.73,146.18,142.45
2024/1/22 19:30,2.23,17.36,27.47,1207.22,90021.76,82.44,289.6,127.9,146.18,139.4
2024/1/22 19:45,97.0,17.36,27.47,1174.1,38490.37,80.04,289.6,-5.0,146.18,138.24
2024/1/22 20:00,-0.04,40.35,39.06,2492.59,118227.67,95.96,303.86,154.43,159.09,125.94
2024/1/22 20:15,97.57,40.35,39.06,1584.67,100567.04,88.1,303.86,137.9,159.09,125.89
2024/1/22 20:30,-12.45,-8.72,39.06,1821.37,120307.24,97.48,303.86,-5.0,159.09,58.08
2024/1/22 20:45,97.34,-8.72,39.06,2254.32,88210.97,90.84,303.86,-5.0,159.09,58.08
2024/1/22 21:00,101.21,-1.79,30.98,1709.81,91943.49,116.34,286.85,132.0,132.93,115.02
2024/1/22 21:15,97.13,-1.79,30.98,1325.4,87530.13,111.65,286.85,132.0,132.93,115.02
2024/1/22 21:30,-1.43,-46.64,30.98,2127.21,5193.8,83.74,286.85,126.0,132.93,115.02
2024/1/22 21:45,-92.89,-46.64,30.98,-4941.98,17330.06,-58.62,286.85,-5.0,132.93,49.3
2024/1/22 22:00,97.09,33.32,9.16,965.33,14519.46,119.05,239.68,132.0,86.61,115.02
2024/1/22 22:15,4.24,33.32,9.16,984.26,7879.14,32.62,239.68,132.0,86.61,49.3
2024/1/22 22:30,-8.29,42.33,9.16,1406.44,16972.95,87.55,239.68,-5.0,86.61,49.3
2024/1/22 22:45,-6.5,42.33,9.16,1327.07,15176.86,-9.35,239.68,-5.0,86.61,49.3
2024/1/22 23:00,5.82,-55.62,9.28,1372.04,15265.3,24.5,239.68,132.0,8.28,100.87
2024/1/22 23:15,4.3,-55.62,9.28,1139.22,17606.0,91.86,239.68,-5.0,8.28,100.87
2024/1/22 23:30,-17.97,-33.22,9.28,910.11,17606.0,67.29,239.68,132.0,8.28,43.23
2024/1/22 23:45,-40.47,-33.22,9.28,1468.61,17217.66,97.03,239.68,-5.0,8.28,43.23
2024/1/23 0:00,3.66,16.78,42.22,1220.9,69410.25,1685.13,150.39,-5.0,88.74,75.68
2024/1/23 0:15,-20.69,16.78,42.22,1183.4,10049.0,496.61,150.39,-5.0,88.74,75.68
2024/1/23 0:30,92.4,-32.1,42.22,1302.47,11930.38,86.12,150.39,-5.0,88.74,32.44
2024/1/23 0:45,-7.33,-32.1,42.22,1477.55,7926.28,28.12,150.39,-5.0,88.74,32.44
2024/1/23 1:00,96.96,-5.58,14.29,1678.71,7193.21,49.35,142.89,-5.0,78.11,75.24
2024/1/23 1:15,-0.45,-5.58,14.29,1033.74,64829.69,77.75,142.89,-1.0,78.11,75.24
2024/1/23 1:30,-73.14,8.0,14.29,1130.12,70002.0,116.91,142.89,-1.0,78.11,75.24
2024/1/23 1:45,-17.81,8.0,14.29,1578.23,7542.37,68.03,142.89,-5.0,78.11,32.24
2024/1/23 2:00,-8.08,2.37,43.82,1293.47,8041.98,27.59,248.26,-5.0,77.34,76.41
2024/1/23 2:15,-8.62,2.37,43.82,1221.99,68799.35,110.12,248.26,-1.0,77.34,76.41
2024/1/23 2:30,-7.74,-17.99,43.82,1058.93,68351.25,109.36,248.26,-1.0,77.34,76.41
2024/1/23 2:45,-9.8,-17.99,43.82,1337.85,67402.38,15.22,248.26,-5.0,77.34,76.41
2024/1/23 3:00,-13.98,-12.33,35.41,1146.79,19731.46,47.78,248.26,-5.0,32.45,71.26
2024/1/23 3:15,-17.2,-12.33,35.41,2564.77,19731.46,17.84,248.26,-5.0,32.45,30.54
2024/1/23 3:30,-16.59,-25.12,35.41,1062.92,19731.46,28.07,248.26,-5.0,32.45,71.26
2024/1/23 3:45,-5.57,-25.12,35.41,1341.16,69432.19,59.97,248.26,-1.0,32.45,71.26
2024/1/23 4:00,95.99,-7.03,64.59,-1600.0,21106.29,73.2,248.26,-5.0,0.0,32.99
2024/1/23 4:15,96.04,-7.03,64.59,-1600.0,21106.29,115.06,248.26,-5.0,0.0,76.99
2024/1/23 4:30,96.12,-7.05,64.59,2038.67,69143.81,120.28,248.26,-1.0,0.0,76.99
2024/1/23 4:45,-11.18,-7.05,64.59,2526.89,69745.09,116.89,248.26,-1.0,0.0,76.99
2024/1/23 5:00,96.67,52.18,54.6,-1600.0,7519.29,72.56,265.02,-5.0,73.41,44.26
2024/1/23 5:15,102.87,52.18,54.6,-1600.0,69372.56,93.56,265.02,-5.0,73.41,103.28
2024/1/23 5:30,120.53,51.64,54.6,-1600.0,69782.84,6.09,265.02,132.0,73.41,103.28
2024/1/23 5:45,129.49,51.64,54.6,-1600.0,69644.7,89.34,265.02,132.0,73.41,103.28
2024/1/23 6:00,95.05,12.22,42.26,-1600.0,9997.79,72.12,347.55,-5.0,110.57,58.5
2024/1/23 6:15,96.72,12.22,42.26,-1600.0,10001.06,105.52,347.55,137.0,110.57,58.5
2024/1/23 6:30,152.64,-3.78,42.26,-104.15,70734.39,116.99,347.55,140.75,110.57,136.5
2024/1/23 6:45,154.24,-3.78,42.26,-6.91,76373.04,108.99,347.55,140.75,110.57,136.5
2024/1/23 7:00,100.04,3.24,48.3,-417.04,130047.77,97.4,284.07,136.51,23.89,62.67
2024/1/23 7:15,115.2,3.24,48.3,-0.22,10088.0,112.98,284.07,133.0,23.89,62.67
2024/1/23 7:30,110.56,-2.13,48.3,-0.84,10088.0,138.04,284.07,133.0,23.89,146.23
2024/1/23 7:45,-0.69,-2.13,48.3,3300.0,10088.0,135.29,284.07,133.0,23.89,146.23
2024/1/23 8:00,117.98,-7.97,59.86,3300.0,10088.0,272.37,328.23,146.73,27.68,148.19
2024/1/23 8:15,117.71,-7.97,59.86,3300.0,9089.08,221.09,328.23,146.73,27.68,148.19
2024/1/23 8:30,116.68,-0.84,59.86,1802.02,10088.0,1307.1,328.23,146.73,27.68,148.19
2024/1/23 8:45,117.18,-0.84,59.86,1276.01,10017.56,1097.23,328.23,146.73,27.68,148.19
2024/1/23 9:00,110.31,26.42,47.33,1221.55,88685.05,-940.6,276.15,132.0,133.43,127.47
2024/1/23 9:15,101.3,26.42,47.33,1115.89,87568.16,-827.23,276.15,127.0,133.43,127.47
2024/1/23 9:30,103.99,37.8,47.33,955.5,5494.81,-2524.03,276.15,127.0,133.43,127.47
2024/1/23 9:45,104.0,37.8,47.33,1297.68,10992.8,-3922.43,276.15,132.0,133.43,127.47
2024/1/23 10:00,-0.46,68.51,10.87,1065.62,169108.84,-123.41,265.51,132.0,125.16,111.3
2024/1/23 10:15,-23.57,68.51,10.87,911.25,122579.39,-19.08,265.51,132.0,125.16,111.3
2024/1/23 10:30,-7.7,26.32,10.87,1306.38,7938.27,-13.96,265.51,-1.0,125.16,111.3
2024/1/23 10:45,-10.43,26.32,10.87,1124.43,90204.68,72.5,265.51,-5.0,125.16,111.3
2024/1/23 11:00,1.26,176.92,20.79,1828.07,88478.42,62.4,265.57,-5.0,112.54,93.9
2024/1/23 11:15,-1.8,176.92,20.79,1882.81,89336.01,66.56,265.57,-1.0,112.54,93.9
2024/1/23 11:30,-12.37,77.18,20.79,1458.97,12555.79,29.33,265.57,-1.0,112.54,93.9
2024/1/23 11:45,-26.76,77.18,20.79,1046.06,12563.28,-13.89,265.57,132.0,112.54,40.24
2024/1/23 12:00,103.5,52.44,6.85,1326.84,12365.63,113.56,279.55,132.0,106.87,85.95
2024/1/23 12:15,102.68,52.44,6.85,1358.15,5858.59,9.83,279.55,132.0,106.87,85.95
2024/1/23 12:30,102.33,-4.42,6.85,778.11,5165.34,42.42,279.55,132.0,106.87,85.95
2024/1/23 12:45,98.0,-4.42,6.85,813.78,5613.27,32.07,279.55,127.0,106.87,85.95
2024/1/23 13:00,98.14,28.03,12.95,846.72,7513.25,82.75,347.55,127.0,116.31,88.79
2024/1/23 13:15,124.01,28.03,12.95,1454.26,2561.64,90.11,347.55,132.0,116.31,88.79
2024/1/23 13:30,121.82,27.99,12.95,974.02,3854.05,91.81,347.55,127.0,116.31,88.79
2024/1/23 13:45,118.56,27.99,12.95,938.27,4665.88,91.52,347.55,127.0,116.31,88.79
2024/1/23 14:00,-97.52,27.06,-2.89,2497.12,6479.01,107.0,279.55,132.0,125.46,105.22
2024/1/23 14:15,-10.79,27.06,-2.89,1054.26,10000.85,111.55,279.55,132.0,125.46,105.22
2024/1/23 14:30,-44.84,28.45,-2.89,935.23,77034.88,125.47,279.55,132.0,125.46,105.22
2024/1/23 14:45,-63.17,28.45,-2.89,1315.56,9823.86,121.87,279.55,132.0,125.46,103.21
2024/1/23 15:00,7.09,142.8,-25.24,3066.21,3026.52,27.4,279.55,132.0,194.01,111.13
2024/1/23 15:15,121.86,142.8,-25.24,1199.62,7956.87,53.04,279.55,132.0,194.01,113.29
2024/1/23 15:30,122.52,65.48,-25.24,1287.76,79147.78,49.58,279.55,132.0,194.01,113.99
2024/1/23 15:45,-88.81,65.48,-25.24,1618.36,3200.0,-136.43,279.55,132.0,194.01,113.65
2024/1/23 16:00,-15.68,66.34,-10.52,-2948.2,2637.55,-16.44,279.55,-5.0,43.72,133.21
2024/1/23 16:15,-4.81,66.34,-10.52,-2383.34,865.8,113.34,279.55,129.93,43.72,133.25
2024/1/23 16:30,2.17,35.22,-10.52,1948.55,4382.29,100.27,279.55,134.93,43.72,133.49
2024/1/23 16:45,97.06,35.22,-10.52,1619.58,7376.21,117.41,279.55,134.93,43.72,136.62
2024/1/23 17:00,96.0,12.48,-19.12,1498.19,5316.19,83.53,279.55,144.14,196.01,156.47
2024/1/23 17:15,97.13,12.48,-19.12,1418.63,3022.0,95.03,279.55,144.14,196.01,156.51
2024/1/23 17:30,96.98,14.24,-19.12,1588.27,6675.29,98.97,279.55,139.14,196.01,156.53
2024/1/23 17:45,3.28,14.24,-19.12,1704.81,8722.0,97.89,279.55,139.14,196.01,156.88
2024/1/23 18:00,96.0,4.2,45.58,1386.5,4955.0,49.87,279.55,132.0,241.49,148.79
2024/1/23 18:15,7.82,4.2,45.58,1324.1,57988.53,46.18,279.55,127.0,241.49,148.84
2024/1/23 18:30,-2.9,31.86,45.58,1293.88,80028.3,75.2,279.55,132.0,241.49,149.69
2024/1/23 18:45,-3.25,31.86,45.58,1436.46,79655.49,121.59,279.55,-1.0,241.49,148.86
2024/1/23 19:00,96.95,25.8,66.56,2108.37,79613.88,2470.7,282.96,139.69,201.21,60.16
2024/1/23 19:15,-5.59,25.8,66.56,1219.84,79654.74,1040.57,282.96,139.69,201.21,60.16
2024/1/23 19:30,96.34,31.99,66.56,1071.82,48652.76,189.56,282.96,134.69,201.21,60.16
2024/1/23 19:45,96.91,31.99,66.56,1345.58,48652.76,151.71,282.96,134.69,201.21,60.16
2024/1/23 20:00,97.02,32.56,68.39,2220.11,71911.72,140.11,334.3,133.6,195.52,130.1
2024/1/23 20:15,104.74,32.56,68.39,1680.81,4603.81,98.92,334.3,133.6,195.52,55.76
2024/1/23 20:30,117.97,4.46,68.39,1075.81,4864.12,4.73,334.3,-1.5,195.52,55.76
2024/1/23 20:45,95.85,4.46,68.39,1985.82,3898.11,97.48,334.3,-5.0,195.52,55.76
2024/1/23 21:00,-2.16,-6.73,65.28,2083.86,4624.7,63.16,347.55,132.0,34.22,113.05
2024/1/23 21:15,-7.98,-6.73,65.28,1124.46,5420.24,14.99,347.55,127.0,34.22,113.05
2024/1/23 21:30,-13.72,-21.77,65.28,2177.78,6510.16,-12.12,347.55,117.9,34.22,113.05
2024/1/23 21:45,95.07,-21.77,65.28,-3313.23,6875.06,4.29,347.55,-5.0,34.22,48.45
2024/1/23 22:00,96.69,27.36,30.78,1483.17,9320.45,92.55,273.52,132.0,95.97,104.05
2024/1/23 22:15,96.68,27.36,30.78,1295.31,9861.3,-1.06,273.52,132.0,95.97,104.05
2024/1/23 22:30,94.88,23.29,30.78,932.27,6763.97,30.3,273.52,132.0,95.97,44.59
2024/1/23 22:45,94.29,23.29,30.78,1962.71,8732.64,31.8,273.52,-5.0,95.97,44.59
2024/1/23 23:00,-12.32,-74.86,16.66,1774.81,9412.91,135.53,228.42,132.0,106.19,81.02
2024/1/23 23:15,-7.88,-74.86,16.66,1255.12,8992.95,100.36,228.42,132.0,106.19,81.02
2024/1/23 23:30,-57.98,-30.39,16.66,934.11,8962.02,48.87,228.42,132.0,106.19,34.72
2024/1/23 23:45,-34.28,-30.39,16.66,962.0,8228.63,47.91,228.42,-5.0,106.19,34.72
2024/1/24 0:00,96.28,-20.3,51.36,2293.96,7843.85,89.24,246.59,132.0,106.56,85.09
2024/1/24 0:15,-46.17,-20.3,51.36,2208.29,9496.0,-60.91,246.59,132.0,106.56,84.57
2024/1/24 0:30,-105.0,-50.85,51.36,1035.73,9375.88,-122.82,246.59,132.0,106.56,82.91
2024/1/24 0:45,-54.27,-50.85,51.36,852.61,9236.9,-30.23,246.59,-5.0,106.56,82.68
2024/1/24 1:00,96.17,-7.55,52.45,1080.12,9631.55,-67.35,242.67,-5.0,108.33,81.98
2024/1/24 1:15,94.9,-7.55,52.45,967.48,9561.0,5.38,242.67,-5.0,108.33,81.64
2024/1/24 1:30,-88.85,-6.02,52.45,830.9,9678.02,-84.32,242.67,-5.0,108.33,81.15
2024/1/24 1:45,91.77,-6.02,52.45,859.1,9586.59,-38.84,242.67,-5.0,108.33,81.15
2024/1/24 2:00,-88.08,-12.83,51.71,887.29,9371.0,129.44,242.67,-5.0,97.86,75.91
2024/1/24 2:15,-88.96,-12.83,51.71,830.18,9480.13,80.29,242.67,-5.0,97.86,75.91
2024/1/24 2:30,-83.04,-22.85,51.71,779.51,10417.92,-61.98,242.67,-5.0,97.86,75.91
2024/1/24 2:45,91.76,-22.85,51.71,782.15,9913.09,-10.04,242.67,-5.0,97.86,75.91
2024/1/24 3:00,91.77,-16.77,52.83,789.87,6836.35,-24.84,242.67,-5.0,89.4,62.39
2024/1/24 3:15,-69.86,-16.77,52.83,733.15,6959.76,-77.69,242.67,-5.0,89.4,62.39
2024/1/24 3:30,-84.08,-23.17,52.83,892.95,9122.87,-45.72,242.67,-5.0,89.4,62.43
2024/1/24 3:45,-82.02,-23.17,52.83,1430.68,10297.59,68.87,242.67,-5.0,89.4,62.43
2024/1/24 4:00,-73.1,-23.46,56.39,1793.48,9151.78,-24.21,242.67,-5.0,79.85,63.81
2024/1/24 4:15,95.34,-23.46,56.39,796.86,10903.84,75.24,242.67,-5.0,79.85,63.81
2024/1/24 4:30,-34.75,-22.22,56.39,1396.28,10221.06,88.26,242.67,-1.0,79.85,64.53
2024/1/24 4:45,97.03,-22.22,56.39,2223.7,10221.46,68.16,242.67,-1.0,79.85,63.89
2024/1/24 5:00,90.32,-5.08,25.37,1606.78,10002.04,66.55,255.9,-5.0,104.72,40.48
2024/1/24 5:15,-72.34,-5.08,25.37,844.32,8901.65,90.32,255.9,-5.0,104.72,87.7
2024/1/24 5:30,96.82,-22.67,25.37,944.75,8958.75,107.9,255.9,133.95,104.72,87.7
2024/1/24 5:45,97.03,-22.67,25.37,1606.45,9221.46,116.55,255.9,133.95,104.72,90.28
2024/1/24 6:00,96.9,-24.86,32.87,3537.53,7370.5,36.18,338.98,-5.0,154.57,50.26
2024/1/24 6:15,97.08,-24.86,32.87,1089.42,8954.73,74.0,338.98,132.0,154.57,117.28
2024/1/24 6:30,122.49,42.16,32.87,1524.81,11067.0,87.83,338.98,132.0,154.57,112.57
2024/1/24 6:45,104.32,42.16,32.87,1926.73,10624.0,64.87,338.98,132.0,154.57,112.52
2024/1/24 7:00,90.32,33.64,53.35,1243.89,9310.56,78.54,366.63,126.99,159.4,147.31
2024/1/24 7:15,95.02,33.64,53.35,1139.81,8056.53,81.33,366.63,126.99,159.4,147.31
2024/1/24 7:30,92.9,17.19,53.35,1073.18,7698.49,-30.42,366.63,126.99,159.4,147.31
2024/1/24 7:45,99.71,17.19,53.35,1076.6,8781.87,0.44,366.63,126.99,159.4,147.31
2024/1/24 8:00,96.93,35.6,65.17,1080.13,8727.77,92.02,370.08,132.0,160.45,63.82
2024/1/24 8:15,96.91,35.6,65.17,1119.59,6997.21,58.1,370.08,126.99,160.45,148.92
2024/1/24 8:30,96.34,27.75,65.17,1059.9,7588.12,37.51,370.08,126.99,160.45,148.92
2024/1/24 8:45,97.01,27.75,65.17,1066.37,12742.23,107.25,370.08,126.99,160.45,148.92
2024/1/24 9:00,97.03,27.56,-9.76,1134.49,12583.97,102.54,370.1,132.0,62.89,58.37
2024/1/24 9:15,96.94,27.56,-9.76,1939.72,12319.29,89.2,370.1,132.0,62.89,136.19
2024/1/24 9:30,96.34,31.74,-9.76,3288.76,9523.52,90.77,370.1,132.0,62.89,58.37
2024/1/24 9:45,95.9,31.74,-9.76,1487.36,10983.21,88.05,370.1,-5.0,62.89,58.37
2024/1/24 10:00,96.94,30.68,-8.16,1213.64,11338.95,93.97,368.86,140.0,24.0,53.99
2024/1/24 10:15,-48.81,30.68,-8.16,1077.17,11380.17,93.81,368.86,-5.0,24.0,53.99
2024/1/24 10:30,-22.6,-0.42,-8.16,3300.0,11357.31,-52.8,368.86,-5.0,24.0,53.99
2024/1/24 10:45,-32.09,-0.42,-8.16,3300.0,11084.47,-32.26,368.86,-5.0,24.0,53.99
2024/1/24 11:00,-55.31,-104.84,5.21,3300.0,10064.29,91.03,368.9,142.07,115.16,124.98
2024/1/24 11:15,-53.91,-104.84,5.21,3300.0,12113.24,-37.39,368.9,0.0,115.16,124.98
2024/1/24 11:30,94.92,-104.35,5.21,3300.0,10678.03,-5.67,368.9,137.06,115.16,124.98
2024/1/24 11:45,94.81,-104.35,5.21,3300.0,9923.3,14.02,368.9,142.07,115.16,53.56
2024/1/24 12:00,94.89,-11.69,2.39,3300.0,10705.68,94.9,339.0,140.0,109.74,120.22
2024/1/24 12:15,97.01,-11.69,2.39,3300.0,12346.4,105.5,339.0,140.0,109.74,120.22
2024/1/24 12:30,113.43,13.94,2.39,3300.0,85769.49,93.24,339.0,134.99,109.74,51.52
2024/1/24 12:45,121.58,13.94,2.39,3300.0,86227.23,80.03,339.0,-2.49,109.74,51.52
2024/1/24 13:00,92.81,16.09,1.08,3300.0,85138.32,85.32,368.29,140.45,132.93,122.93
2024/1/24 13:15,93.02,16.09,1.08,3300.0,86639.64,104.08,368.29,0.0,132.93,122.93
2024/1/24 13:30,92.82,23.21,1.08,1417.83,86786.01,51.89,368.29,0.0,132.93,122.93
2024/1/24 13:45,92.13,23.21,1.08,948.27,87363.44,12.53,368.29,0.0,132.93,122.93
2024/1/24 14:00,91.76,30.45,3.1,953.92,10201.63,-8.4,279.75,139.0,38.78,130.51
2024/1/24 14:15,91.34,30.45,3.1,1113.42,12901.09,8.66,279.75,160.69,38.78,130.51
2024/1/24 14:30,91.95,27.09,3.1,959.12,12202.65,6.28,279.75,160.69,38.78,130.51
2024/1/24 14:45,-21.36,27.09,3.1,1025.73,11142.01,-16.82,279.75,155.68,38.78,130.51
2024/1/24 15:00,91.95,28.49,1.73,1039.46,9217.29,70.59,368.86,129.39,39.88,129.28
2024/1/24 15:15,91.88,28.49,1.73,1059.93,8912.86,82.53,368.86,129.39,39.88,129.28
2024/1/24 15:30,95.85,6.34,1.73,1236.19,10282.94,10.05,368.86,129.39,39.88,129.28
2024/1/24 15:45,98.82,6.34,1.73,1135.9,12703.23,8.12,368.86,-1.0,39.88,129.28
2024/1/24 16:00,87.66,30.28,-10.04,-2237.01,12683.01,56.98,370.11,132.0,15.88,58.19
2024/1/24 16:15,89.69,30.28,-10.04,4218.58,13306.44,-20.84,370.11,124.0,15.88,135.77
2024/1/24 16:30,90.46,36.24,-10.04,2393.24,9590.11,104.04,370.11,126.99,15.88,135.77
2024/1/24 16:45,-18.37,36.24,-10.04,2418.63,8375.81,111.13,370.11,132.0,15.88,135.77
2024/1/24 17:00,90.28,17.06,-208.78,-1790.66,11863.73,84.24,370.15,132.0,24.08,62.23
2024/1/24 17:15,93.96,17.06,-208.78,-805.69,13676.28,91.5,370.15,126.99,24.08,145.21
2024/1/24 17:30,93.81,-13.04,-208.78,3256.78,12399.1,90.96,370.15,126.99,24.08,145.21
2024/1/24 17:45,92.09,-13.04,-208.78,-3263.87,13787.0,92.68,370.15,132.0,24.08,145.21
2024/1/24 18:00,97.71,4.99,20.56,1137.72,13787.0,14.15,371.86,132.0,41.87,144.58
2024/1/24 18:15,93.58,4.99,20.56,1985.18,13998.0,34.67,371.86,132.0,41.87,144.58
2024/1/24 18:30,99.43,1.51,20.56,-1600.0,13824.0,71.32,371.86,126.99,41.87,144.58
2024/1/24 18:45,90.06,1.51,20.56,-2652.87,81793.75,72.45,371.86,132.0,41.87,144.58
2024/1/24 19:00,-6.48,5.27,22.9,1232.79,85517.72,100.35,289.27,132.0,35.87,139.43
2024/1/24 19:15,6.44,5.27,22.9,1221.32,13993.0,85.73,289.27,117.9,35.87,139.43
2024/1/24 19:30,89.94,23.49,22.9,-1600.0,8374.46,79.18,289.27,126.99,35.87,139.43
2024/1/24 19:45,89.8,23.49,22.9,-3941.78,2277.24,76.07,289.27,126.99,35.87,139.43
2024/1/24 20:00,102.09,70.75,23.85,1343.62,11872.04,105.46,338.99,132.0,114.1,114.97
2024/1/24 20:15,107.36,70.75,23.85,1317.26,5395.52,82.09,338.99,132.0,114.1,114.97
2024/1/24 20:30,89.95,15.0,23.85,-1755.35,4421.53,67.93,338.99,-5.0,114.1,114.97
2024/1/24 20:45,89.94,15.0,23.85,-2990.5,2468.68,8.4,338.99,132.0,114.1,114.97
2024/1/24 21:00,3.03,64.59,16.43,850.95,2563.08,89.21,338.98,132.0,175.3,91.46
2024/1/24 21:15,-1.74,64.59,16.43,3433.86,9321.62,74.32,338.98,132.0,175.3,91.46
2024/1/24 21:30,89.49,-11.68,16.43,-3793.73,6401.47,49.2,338.98,-1.0,175.3,91.46
2024/1/24 21:45,-21.18,-11.68,16.43,-1843.97,1990.95,-21.78,338.98,-5.0,175.3,39.2
2024/1/24 22:00,89.71,-16.39,8.13,3300.0,2114.72,46.13,323.48,-5.0,33.18,76.12
2024/1/24 22:15,-6.51,-16.39,8.13,3300.0,12413.31,-1.07,323.48,126.99,33.18,76.12
2024/1/24 22:30,-16.98,45.12,8.13,3300.0,3874.35,-20.79,323.48,132.0,33.18,32.62
2024/1/24 22:45,89.37,45.12,8.13,3300.0,5514.6,9.93,323.48,-5.0,33.18,32.62
2024/1/24 23:00,89.83,0.03,4.79,3300.0,4497.75,14.88,246.59,132.0,32.69,69.61
2024/1/24 23:15,89.34,0.03,4.79,3300.0,4944.59,-5.27,246.59,132.0,32.69,69.61
2024/1/24 23:30,-33.79,21.24,4.79,3300.0,4851.96,-35.44,246.59,132.0,32.69,29.83
2024/1/24 23:45,-28.62,21.24,4.79,3300.0,5234.76,-30.79,246.59,-5.0,32.69,29.83
2024/1/25 0:00,89.8,20.0,8.31,3300.0,7216.39,-5.81,240.88,132.0,29.02,29.84
2024/1/25 0:15,-8.73,20.0,8.31,3300.0,8753.1,-5.77,240.88,-5.0,29.02,69.64
2024/1/25 0:30,-41.16,19.56,8.31,3300.0,6381.0,-40.89,240.88,-5.0,29.02,29.84
2024/1/25 0:45,-37.09,19.56,8.31,-3233.39,7387.61,-18.94,240.88,-5.0,29.02,29.84
2024/1/25 1:00,89.99,33.72,17.59,-4303.22,18651.46,19.5,257.64,132.0,7.29,29.59
2024/1/25 1:15,-3.46,33.72,17.59,3300.0,8116.44,50.06,257.64,-5.0,7.29,29.59
2024/1/25 1:30,-7.43,52.73,17.59,3300.0,6797.6,-7.42,257.64,-5.0,7.29,29.59
2024/1/25 1:45,-8.26,52.73,17.59,-1600.0,8688.87,-8.78,257.64,132.0,7.29,29.59
2024/1/25 2:00,-2.8,47.75,35.54,-1600.0,12987.2,-3.15,257.58,132.0,23.89,28.9
2024/1/25 2:15,89.69,47.75,35.54,-1600.0,9758.85,3.54,257.58,-1.9,23.89,28.9
2024/1/25 2:30,89.7,64.42,35.54,-1769.21,6449.4,4.72,257.58,-2.49,23.89,28.9
2024/1/25 2:45,89.73,64.42,35.54,-2366.88,7954.93,-3.93,257.58,-5.0,23.89,28.9
2024/1/25 3:00,-5.54,65.55,53.12,-1600.0,12278.93,-5.54,257.62,132.0,0.67,66.93
2024/1/25 3:15,-7.36,65.55,53.12,-1793.15,6159.33,-7.5,257.62,132.0,0.67,66.93
2024/1/25 3:30,-7.28,67.38,53.12,-2147.41,5610.59,-7.97,257.62,-5.0,0.67,28.69
2024/1/25 3:45,-7.05,67.38,53.12,-4604.33,8027.83,-6.98,257.62,132.0,0.67,28.69
2024/1/25 4:00,-6.96,51.75,9.37,-1600.0,10595.71,38.42,257.61,132.0,21.08,31.95
2024/1/25 4:15,-3.98,51.75,9.37,-2128.12,10963.17,65.59,257.61,132.0,21.08,31.95
2024/1/25 4:30,-6.25,40.92,9.37,-4349.81,2097.28,81.83,257.61,127.99,21.08,31.95
2024/1/25 4:45,-23.53,40.92,9.37,3300.0,11383.28,80.52,257.61,132.0,21.08,31.95
2024/1/25 5:00,89.71,42.9,9.66,-1600.0,10936.7,67.85,282.35,-5.0,35.48,43.49
2024/1/25 5:15,89.7,42.9,9.66,-4058.83,379.0,67.85,282.35,132.0,35.48,49.02
2024/1/25 5:30,-14.37,40.69,9.66,3300.0,2341.6,2.4,282.35,-1.9,35.48,50.62
2024/1/25 5:45,89.94,40.69,9.66,2171.3,8172.0,17.52,282.35,132.0,35.48,101.49
2024/1/25 6:00,90.06,40.08,16.58,1898.55,11133.99,-16.99,344.86,-5.0,103.08,49.28
2024/1/25 6:15,-18.35,40.08,16.58,783.68,10637.8,59.56,344.86,-2.49,103.08,49.28
2024/1/25 6:30,104.49,5.11,16.58,1719.77,9574.92,113.52,344.86,132.0,103.08,49.28
2024/1/25 6:45,92.11,5.11,16.58,2363.2,75097.85,90.38,344.86,132.0,103.08,114.98
2024/1/25 7:00,90.09,8.29,17.87,1683.72,3628.68,83.52,344.87,-1.9,73.58,65.14
2024/1/25 7:15,90.19,8.29,17.87,2545.83,13021.15,75.78,344.87,-5.0,73.58,65.14
2024/1/25 7:30,90.06,24.53,17.87,1879.41,12574.71,88.08,344.87,117.9,73.58,65.14
2024/1/25 7:45,6.84,24.53,17.87,1263.7,5491.25,89.53,344.87,132.0,73.58,65.14
2024/1/25 8:00,9.35,77.05,58.12,1365.47,12958.77,101.36,388.93,0.0,47.86,60.56
2024/1/25 8:15,17.61,77.05,58.12,1085.56,13107.89,104.96,388.93,0.0,47.86,60.56
2024/1/25 8:30,10.35,82.28,58.12,1139.67,9303.41,-2.51,388.93,132.0,47.86,62.64
2024/1/25 8:45,10.15,82.28,58.12,1491.83,9400.71,-0.67,388.93,117.9,47.86,66.07
2024/1/25 9:00,25.51,86.86,15.48,970.03,5476.46,97.53,385.61,132.0,44.28,60.28
2024/1/25 9:15,27.44,86.86,15.48,955.52,8561.5,25.58,385.61,127.99,44.28,-74.7
2024/1/25 9:30,25.74,-20.51,15.48,1735.09,7817.46,82.25,385.61,127.0,44.28,-115.34
2024/1/25 9:45,-34.87,-20.51,15.48,-1805.56,6900.72,120.32,385.61,127.0,44.28,-116.88
2024/1/25 10:00,-56.01,-23.57,5.54,1319.46,4495.83,99.43,283.15,132.0,26.13,-160.58
2024/1/25 10:15,-11.45,-23.57,5.54,3300.0,7622.05,27.98,283.15,132.0,26.13,-131.29
2024/1/25 10:30,-0.17,-20.46,5.54,3300.0,-2471.42,78.25,283.15,117.9,26.13,-126.91
2024/1/25 10:45,94.71,-20.46,5.54,-1600.0,5204.98,32.25,283.15,-5.0,26.13,-123.01
2024/1/25 11:00,98.93,41.28,11.91,-1600.0,-2834.86,47.65,286.96,132.0,36.78,52.65
2024/1/25 11:15,98.38,41.28,11.91,-1600.0,2021.87,65.17,286.96,-1.9,36.78,52.89
2024/1/25 11:30,102.03,18.65,11.91,-1600.0,-10214.14,44.28,286.96,-1.9,36.78,53.38
2024/1/25 11:45,262.82,18.65,11.91,-3677.03,80318.85,43.22,286.96,117.9,36.78,51.58
2024/1/25 12:00,12.18,88.52,9.07,-1600.0,92396.14,12.39,296.95,132.0,57.96,49.31
2024/1/25 12:15,11.87,88.52,9.07,-2270.54,87019.59,11.49,296.95,132.0,57.96,51.77
2024/1/25 12:30,4.87,92.93,9.07,-1789.23,82814.4,68.9,296.95,132.0,57.96,52.25
2024/1/25 12:45,-260.23,92.93,9.07,-1600.0,2848.84,-1792.54,296.95,117.9,57.96,52.27
2024/1/25 13:00,8.6,88.9,-1.46,-484.8,863.51,30.32,344.87,127.0,54.27,108.49
2024/1/25 13:15,-7.6,88.9,-1.46,-1751.06,6083.68,16.1,344.87,117.9,54.27,108.49
2024/1/25 13:30,39.96,88.86,-1.46,-1620.87,-5679.29,37.61,344.87,-5.0,54.27,108.49
2024/1/25 13:45,49.23,88.86,-1.46,-1271.38,-901.77,68.12,344.87,-5.0,54.27,108.49
2024/1/25 14:00,95.62,34.35,5.35,-1014.87,-4693.1,55.5,321.03,-5.0,66.23,118.96
2024/1/25 14:15,95.07,34.35,5.35,-4086.41,1360.07,92.08,321.03,107.9,66.23,118.96
2024/1/25 14:30,96.73,-46.34,5.35,0.1,7133.54,93.03,321.03,-1.9,66.23,118.96
2024/1/25 14:45,34.39,-46.34,5.35,3300.0,8759.57,94.24,321.03,-1.9,66.23,118.96
2024/1/25 15:00,-36.05,22.19,7.27,3300.0,333.02,0.21,385.61,115.9,57.19,126.7
2024/1/25 15:15,-4.93,22.19,7.27,3300.0,3398.99,85.99,385.61,115.9,57.19,54.3
2024/1/25 15:30,32.86,66.15,7.27,3300.0,1967.24,95.74,385.61,-1.9,57.19,126.7
2024/1/25 15:45,53.6,66.15,7.27,1634.6,5997.25,105.15,385.61,115.9,57.19,126.7
2024/1/25 16:00,95.15,-6.7,1.15,-3448.95,4593.5,72.28,318.08,-5.0,42.15,59.33
2024/1/25 16:15,55.47,-6.7,1.15,-1983.9,3987.69,80.19,318.08,-1.0,42.15,59.33
2024/1/25 16:30,94.12,-5.73,1.15,-1840.22,3345.38,94.46,318.08,139.17,42.15,59.33
2024/1/25 16:45,93.93,-5.73,1.15,-1600.0,3715.76,21.92,318.08,139.17,42.15,138.43
2024/1/25 17:00,42.32,4.57,12.33,-1600.0,3962.68,82.14,441.65,-5.0,48.03,72.05
2024/1/25 17:15,93.35,4.57,12.33,-1600.0,77778.0,60.61,441.65,-1.0,48.03,72.05
2024/1/25 17:30,94.12,106.68,12.33,-1600.0,9113.0,63.33,441.65,0.0,48.03,168.13
2024/1/25 17:45,98.1,106.68,12.33,-102.72,9997.0,49.54,441.65,0.0,48.03,168.13
2024/1/25 18:00,106.97,90.48,44.84,-1661.21,9996.07,109.55,445.93,-5.0,34.2,68.38
2024/1/25 18:15,56.81,90.48,44.84,-1319.85,43926.15,101.21,445.93,-5.0,34.2,68.38
2024/1/25 18:30,41.25,93.97,44.84,-375.48,43926.15,94.3,445.93,-5.0,34.2,68.38
2024/1/25 18:45,92.49,93.97,44.84,-761.95,10086.0,82.58,445.93,-5.0,34.2,68.38
2024/1/25 19:00,63.98,118.31,50.24,-1949.56,74173.08,60.79,441.65,138.72,35.45,153.75
2024/1/25 19:15,49.58,118.31,50.24,-1442.91,38991.49,46.81,441.65,-5.0,35.45,153.75
2024/1/25 19:30,60.01,58.13,50.24,-710.67,11011.0,74.2,441.65,-1.0,35.45,153.75
2024/1/25 19:45,44.6,58.13,50.24,-914.41,38991.49,73.4,441.65,-5.0,35.45,153.75
2024/1/25 20:00,30.58,80.43,59.82,-1718.96,74988.0,25.04,441.65,132.0,41.17,129.6
2024/1/25 20:15,93.29,80.43,59.82,-1238.84,34839.44,-39.26,441.65,132.0,41.17,129.6
2024/1/25 20:30,92.73,-81.11,59.82,-889.99,7368.81,73.07,441.65,-1.0,41.17,129.6
2024/1/25 20:45,92.92,-81.11,59.82,-640.56,3624.7,69.61,441.65,-1.0,41.17,129.6
2024/1/25 21:00,111.58,81.01,34.92,-230.47,8310.79,72.23,438.8,132.0,48.57,118.99
2024/1/25 21:15,92.48,81.01,34.92,-63.33,10140.75,41.26,438.8,129.0,48.57,118.99
2024/1/25 21:30,92.39,3.38,34.92,-1106.83,10229.1,72.24,438.8,-1.0,48.57,118.99
2024/1/25 21:45,91.34,3.38,34.92,-1342.58,7743.59,78.25,438.8,-5.0,48.57,118.99
2024/1/25 22:00,114.01,108.52,15.03,3300.0,6935.54,15.75,344.88,132.0,0.0,110.61
2024/1/25 22:15,94.81,108.52,15.03,3300.0,14333.51,58.81,344.88,132.0,0.0,110.61
2024/1/25 22:30,139.1,125.62,15.03,-1600.0,8021.96,88.98,344.88,132.0,0.0,110.61
2024/1/25 22:45,115.6,125.62,15.03,-3090.68,9778.59,47.82,344.88,129.0,0.0,110.61
2024/1/25 23:00,-6.41,92.3,11.57,3300.0,9503.56,5.97,344.86,-5.0,81.49,103.73
2024/1/25 23:15,-15.22,92.3,11.57,3300.0,3611.62,4.23,344.86,132.0,81.49,103.73
2024/1/25 23:30,-2.52,82.86,11.57,3300.0,12256.59,-15.9,344.86,132.0,81.49,103.73
2024/1/25 23:45,90.0,82.86,11.57,3300.0,12823.21,21.55,344.86,132.0,81.49,44.45
2024/1/26 0:00,98.79,115.4,18.91,-1800.0,7187.65,90.02,342.05,-1.0,39.61,87.92
2024/1/26 0:15,96.83,115.4,18.91,3500.0,7649.62,79.04,342.05,-1.0,39.61,37.68
2024/1/26 0:30,-35.81,-5.16,18.91,3500.0,11334.06,46.15,342.05,-1.0,39.61,37.68
2024/1/26 0:45,-5.59,-5.16,18.91,3500.0,10640.68,22.01,342.05,-1.0,39.61,37.68
2024/1/26 1:00,123.41,10.65,30.15,906.77,7442.74,-46.54,342.06,132.0,32.32,37.2
2024/1/26 1:15,103.0,10.65,30.15,789.56,2811.27,78.38,342.06,132.0,32.32,37.2
2024/1/26 1:30,89.79,24.08,30.15,757.33,11834.44,54.66,342.06,132.0,32.32,37.2
2024/1/26 1:45,100.58,24.08,30.15,1076.4,10974.82,18.02,342.06,132.0,32.32,37.2
2024/1/26 2:00,110.89,31.64,10.48,1289.72,11714.94,70.22,342.06,132.0,28.55,81.89
2024/1/26 2:15,102.8,31.64,10.48,860.54,10098.12,69.57,342.06,-1.0,28.55,35.09
2024/1/26 2:30,90.68,35.08,10.48,1341.3,3900.07,68.82,342.06,-5.0,28.55,35.09
2024/1/26 2:45,90.05,35.08,10.48,1810.22,3736.04,73.41,342.06,-5.0,28.55,35.09
2024/1/26 3:00,96.1,60.46,40.11,-670.59,9542.93,84.95,358.72,-5.0,24.93,81.09
2024/1/26 3:15,89.76,60.46,40.11,-1600.0,13403.0,87.2,358.72,-1.0,24.93,34.75
2024/1/26 3:30,89.38,56.93,40.11,-1721.42,6764.7,41.87,358.72,-1.0,24.93,81.09
2024/1/26 3:45,89.45,56.93,40.11,-2583.58,6239.87,72.62,358.72,132.0,24.93,34.75
2024/1/26 4:00,89.83,48.09,57.87,-1800.0,3390.9,34.89,385.1,-5.0,19.14,91.38
2024/1/26 4:15,89.81,48.09,57.87,-1800.0,-1683.0,88.3,385.1,132.0,19.14,91.38
2024/1/26 4:30,89.64,26.61,57.87,-1081.98,6491.04,75.85,385.1,-1.0,19.14,91.38
2024/1/26 4:45,89.25,26.61,57.87,-1338.82,9319.87,66.07,385.1,-5.0,19.14,39.16
2024/1/26 5:00,-118.02,26.53,19.3,-1181.93,8903.77,-115.51,448.69,-5.0,0.0,45.56
2024/1/26 5:15,-31.66,26.53,19.3,-670.77,8408.03,-52.55,448.69,132.0,0.0,45.56
2024/1/26 5:30,-68.41,26.58,19.3,-810.24,4095.31,-20.29,448.69,-1.0,0.0,45.56
2024/1/26 5:45,8.25,26.58,19.3,-2103.27,1445.08,30.22,448.69,-5.0,0.0,45.56
2024/1/26 6:00,89.96,14.53,16.73,-1149.49,9595.63,-437.59,585.98,-5.0,0.0,53.8
2024/1/26 6:15,89.97,14.53,16.73,-809.97,8656.47,71.79,585.98,-5.0,0.0,53.8
2024/1/26 6:30,90.07,-30.25,16.73,-328.15,67355.87,87.29,585.98,142.19,0.0,125.52
2024/1/26 6:45,-41.44,-30.25,16.73,-564.6,69921.49,120.0,585.98,142.19,0.0,125.52
2024/1/26 7:00,-68.57,20.11,20.17,-572.98,11927.62,75.33,594.85,-5.0,34.35,159.98
2024/1/26 7:15,-95.89,20.11,20.17,-396.84,13549.44,84.76,594.85,163.21,34.35,159.98
2024/1/26 7:30,93.13,11.2,20.17,-614.55,8016.37,91.64,594.85,134.0,34.35,159.98
2024/1/26 7:45,-31.51,11.2,20.17,-1026.66,7928.16,91.87,594.85,0.0,34.35,159.98
2024/1/26 8:00,94.09,89.69,56.77,-1367.51,11259.43,94.98,594.78,0.0,0.0,159.42
2024/1/26 8:15,93.03,89.69,56.77,-3215.91,8071.54,-25.84,594.78,-5.0,0.0,159.42
2024/1/26 8:30,89.0,87.69,56.77,-957.88,1878.43,107.75,594.78,-5.0,0.0,159.42
2024/1/26 8:45,89.0,87.69,56.77,-938.42,3250.1,67.37,594.78,-5.0,0.0,159.42
2024/1/26 9:00,93.3,69.23,22.94,-2.56,3251.95,128.59,596.03,-5.0,26.08,57.14
2024/1/26 9:15,96.53,69.23,22.94,-35.06,2967.32,71.02,596.03,-5.0,26.08,57.14
2024/1/26 9:30,98.6,70.29,22.94,-3946.91,-277.02,78.91,596.03,-5.0,26.08,57.14
2024/1/26 9:45,92.6,70.29,22.94,-1950.5,-523.77,76.74,596.03,-5.0,26.08,57.14
2024/1/26 10:00,134.01,72.6,14.07,-1800.0,1286.01,80.54,594.25,-5.0,36.94,52.13
2024/1/26 10:15,116.71,72.6,14.07,-1872.67,4114.27,67.29,594.25,-5.0,36.94,52.13
2024/1/26 10:30,107.34,10.82,14.07,-2279.22,5067.99,59.06,594.25,-5.0,36.94,52.13
2024/1/26 10:45,97.44,10.82,14.07,-1800.0,3716.35,29.0,594.25,-5.0,36.94,52.13
2024/1/26 11:00,103.78,17.55,14.72,-963.56,3499.75,62.61,585.98,-5.0,45.34,51.08
2024/1/26 11:15,101.46,17.55,14.72,-1213.96,2363.32,-7.45,585.98,-5.0,45.34,51.08
2024/1/26 11:30,0.51,17.34,14.72,-1189.35,317.84,31.17,585.98,-5.0,45.34,51.08
2024/1/26 11:45,-18.61,17.34,14.72,-1185.09,2131.31,66.27,585.98,-5.0,45.34,51.08
2024/1/26 12:00,88.81,17.54,9.15,-909.13,1216.15,87.14,591.82,-5.0,115.87,113.09
2024/1/26 12:15,86.8,17.54,9.15,-973.7,3828.58,76.42,591.82,-1.0,115.87,113.09
2024/1/26 12:30,86.13,4.13,9.15,-1123.87,1688.53,81.46,591.82,-5.0,115.87,113.09
2024/1/26 12:45,93.1,4.13,9.15,-1262.88,202.79,78.85,591.82,-5.0,115.87,113.09
2024/1/26 13:00,-1.06,22.43,16.2,-669.05,1672.32,49.94,594.78,-5.0,144.28,112.0
2024/1/26 13:15,-9.92,22.43,16.2,-188.79,3492.15,66.52,594.78,-5.0,144.28,112.0
2024/1/26 13:30,-9.4,24.98,16.2,-20.06,-434.81,79.03,594.78,-5.0,144.28,48.0
2024/1/26 13:45,-5.85,24.98,16.2,-218.98,663.86,65.38,594.78,-5.0,144.28,48.0
2024/1/26 14:00,87.81,-46.53,18.65,-1189.44,789.94,83.18,594.85,-1.0,172.35,52.39
2024/1/26 14:15,85.91,-46.53,18.65,-2088.58,2489.69,86.09,594.85,-1.0,172.35,52.39
2024/1/26 14:30,-4.03,13.55,18.65,-0.91,3261.43,83.98,594.85,-1.0,172.35,52.39
2024/1/26 14:45,-14.47,13.55,18.65,-9.04,2220.55,87.23,594.85,-5.0,172.35,52.39
2024/1/26 15:00,-130.23,14.29,13.65,-1761.08,2931.56,66.37,595.38,-5.0,188.92,55.98
2024/1/26 15:15,-10.88,14.29,13.65,-5.79,81329.62,83.19,595.38,151.31,188.92,55.98
2024/1/26 15:30,-14.98,49.77,13.65,3300.0,79562.37,64.25,595.38,0.0,188.92,130.62
2024/1/26 15:45,-14.32,49.77,13.65,3300.0,76004.3,58.42,595.38,0.0,188.92,55.98
2024/1/26 16:00,81.94,32.91,10.55,3500.0,4209.55,52.07,585.57,141.62,47.5,62.33
2024/1/26 16:15,-9.84,32.91,10.55,3500.0,48169.72,1.14,585.57,-5.0,47.5,62.33
2024/1/26 16:30,-12.66,57.77,10.55,2755.78,6675.0,59.77,585.57,135.62,47.5,145.45
2024/1/26 16:45,-11.93,57.77,10.55,2769.87,75582.88,49.98,585.57,141.62,47.5,145.45
2024/1/26 17:00,-9.99,91.27,15.69,1823.27,73688.0,77.32,584.98,-5.0,0.0,64.21
2024/1/26 17:15,-5.34,91.27,15.69,-1600.0,8999.0,88.68,584.98,-1.0,0.0,149.81
2024/1/26 17:30,90.27,100.35,15.69,-1600.0,7999.0,90.28,584.98,-1.0,0.0,149.81
2024/1/26 17:45,95.44,100.35,15.69,-1600.0,8548.0,90.16,584.98,-1.0,0.0,149.81
2024/1/26 18:00,90.96,58.8,26.96,-1598.6,7999.0,82.28,543.8,128.0,164.62,145.46
2024/1/26 18:15,90.69,58.8,26.96,-515.27,9079.0,92.28,543.8,128.0,164.62,145.46
2024/1/26 18:30,97.31,75.07,26.96,-1502.1,8963.83,566.29,543.8,-1.0,164.62,145.46
2024/1/26 18:45,107.29,75.07,26.96,-2590.26,10558.0,478.38,543.8,132.0,164.62,145.46
2024/1/26 19:00,83.91,69.78,49.63,3300.0,9794.45,1109.43,543.79,-1.0,152.85,129.78
2024/1/26 19:15,-5.91,69.78,49.63,-45.52,12865.24,113.78,543.79,-5.0,152.85,129.78
2024/1/26 19:30,78.16,69.29,49.63,-934.14,10543.11,90.11,543.79,-5.0,152.85,129.78
2024/1/26 19:45,77.89,69.29,49.63,-632.86,8932.42,29.92,543.79,-5.0,152.85,129.78
2024/1/26 20:00,82.12,95.27,33.5,3500.0,74152.75,142.76,560.37,-5.0,152.83,119.01
2024/1/26 20:15,-3.7,95.27,33.5,3500.0,11938.94,-0.42,560.37,-5.0,152.83,51.01
2024/1/26 20:30,-4.45,88.35,33.5,3500.0,12451.15,-4.34,560.37,-5.0,152.83,51.01
2024/1/26 20:45,76.81,88.35,33.5,-1800.0,14237.69,59.18,560.37,-5.0,152.83,51.01
2024/1/26 21:00,78.11,80.45,31.78,3300.0,73631.07,97.17,358.74,132.0,40.47,46.01
2024/1/26 21:15,76.27,80.45,31.78,3300.0,72713.76,147.69,358.74,132.0,40.47,46.01
2024/1/26 21:30,86.24,76.03,31.78,3300.0,72637.94,81.4,358.74,128.0,40.47,46.01
2024/1/26 21:45,75.73,76.03,31.78,3300.0,14502.77,29.42,358.74,-5.0,40.47,46.01
2024/1/26 22:00,82.35,82.3,17.8,3500.0,16003.0,111.35,358.72,132.0,18.07,38.28
2024/1/26 22:15,75.19,82.3,17.8,3500.0,15818.66,25.28,358.72,132.0,18.07,38.28
2024/1/26 22:30,91.67,92.38,17.8,3500.0,15001.16,13.61,358.72,132.0,18.07,38.28
2024/1/26 22:45,76.92,92.38,17.8,-1800.0,10496.03,29.67,358.72,132.0,18.07,38.28
2024/1/26 23:00,84.05,12.04,19.35,3300.0,10337.67,34.13,358.72,132.0,31.18,87.84
2024/1/26 23:15,82.33,12.04,19.35,3300.0,6227.62,37.67,358.72,126.0,31.18,87.84
2024/1/26 23:30,135.6,21.73,19.35,3300.0,10896.32,61.44,358.72,-5.0,31.18,37.64
2024/1/26 23:45,73.57,21.73,19.35,3300.0,13340.11,51.7,358.72,-5.0,31.18,37.64
2024/1/27 0:00,0.43,5.19,42.23,3500.0,13348.69,-0.31,259.99,132.0,42.34,36.57
2024/1/27 0:15,0.74,5.19,42.23,3500.0,13445.35,0.88,259.99,-5.0,42.34,85.33
2024/1/27 0:30,1.39,32.07,42.23,3500.0,14531.24,1.28,259.99,-5.0,42.34,85.33
2024/1/27 0:45,1.34,32.07,42.23,3500.0,6948.31,1.32,259.99,-5.0,42.34,85.33
2024/1/27 1:00,89.98,57.89,31.08,3300.0,11748.89,56.45,260.03,132.0,25.53,79.97
2024/1/27 1:15,5.69,57.89,31.08,3300.0,12288.34,6.61,260.03,132.0,25.53,79.97
2024/1/27 1:30,89.56,71.1,31.08,3300.0,7241.99,7.5,260.03,-1.9,25.53,79.97
2024/1/27 1:45,4.69,71.1,31.08,3300.0,4623.29,6.93,260.03,-5.0,25.53,79.97
2024/1/27 2:00,3.64,93.82,35.74,4509.11,3406.72,3.55,260.0,-5.0,136.2,81.87
2024/1/27 2:15,9.92,93.82,35.74,3500.0,4095.81,59.94,260.0,-5.0,136.2,81.87
2024/1/27 2:30,4.19,45.15,35.74,3500.0,175.86,4.01,260.0,-5.0,136.2,81.87
2024/1/27 2:45,83.02,45.15,35.74,3500.0,-748.79,55.24,260.0,-5.0,136.2,81.87
2024/1/27 3:00,90.06,49.94,27.9,3166.77,4385.62,85.92,290.85,-5.0,30.79,78.32
2024/1/27 3:15,89.85,49.94,27.9,3300.0,5891.42,54.87,290.85,-1.9,30.79,78.32
2024/1/27 3:30,89.95,72.17,27.9,3300.0,6607.73,29.0,290.85,-5.0,30.79,78.32
2024/1/27 3:45,89.9,72.17,27.9,3300.0,1741.73,55.21,290.85,-5.0,30.79,78.32
2024/1/27 4:00,89.57,58.08,45.5,3500.0,2032.66,22.07,259.98,-5.0,30.73,78.29
2024/1/27 4:15,86.74,58.08,45.5,3500.0,3500.22,13.93,259.98,-5.0,30.73,78.29
2024/1/27 4:30,11.72,-1.03,45.5,3500.0,3915.56,66.25,259.98,-5.0,30.73,78.29
2024/1/27 4:45,89.84,-1.03,45.5,3500.0,4485.83,66.56,259.98,132.0,30.73,33.55
2024/1/27 5:00,83.02,70.91,44.17,3300.0,4311.99,65.01,243.06,-5.0,28.14,80.5
2024/1/27 5:15,89.9,70.91,44.17,3300.0,4675.6,66.07,243.06,-1.9,28.14,80.5
2024/1/27 5:30,83.02,70.91,44.17,3300.0,709.38,69.49,243.06,-5.0,28.14,34.5
2024/1/27 5:45,83.02,70.91,44.17,3300.0,-1541.9,77.96,243.06,-5.0,28.14,80.5
2024/1/27 6:00,83.02,20.79,48.15,3500.0,-9.41,-54.35,259.08,-5.0,33.84,84.01
2024/1/27 6:15,83.02,20.79,48.15,3500.0,-808.32,32.28,259.08,-5.0,33.84,84.01
2024/1/27 6:30,9.79,17.86,48.15,3500.0,201.92,9.96,259.08,127.99,33.84,84.01
2024/1/27 6:45,-61.61,17.86,48.15,3500.0,-88.64,74.05,259.08,-5.0,33.84,84.01
2024/1/27 7:00,91.62,26.66,31.04,3300.0,673.14,53.06,278.15,-5.0,14.54,94.46
2024/1/27 7:15,98.8,26.66,31.04,3300.0,1910.13,68.93,278.15,-5.0,14.54,94.46
2024/1/27 7:30,93.16,21.53,31.04,3300.0,-313.7,71.56,278.15,-1.9,14.54,94.46
2024/1/27 7:45,98.65,21.53,31.04,3300.0,3250.77,85.52,278.15,127.99,14.54,94.46
2024/1/27 8:00,-92.9,9.89,38.17,3500.0,1561.21,73.63,278.16,-1.9,8.21,49.66
2024/1/27 8:15,3.65,9.89,38.17,3500.0,-131.67,51.35,278.16,127.99,8.21,49.66
2024/1/27 8:30,14.63,10.21,38.17,3500.0,-265.77,47.52,278.16,-1.9,8.21,49.66
2024/1/27 8:45,20.27,10.21,38.17,3500.0,3734.71,53.27,278.16,-1.9,8.21,49.66
2024/1/27 9:00,107.2,25.0,12.65,3300.0,4716.0,60.59,259.12,132.0,12.36,47.33
2024/1/27 9:15,97.09,25.0,12.65,3300.0,828.51,25.67,259.12,129.0,12.36,47.33
2024/1/27 9:30,-16.06,39.9,12.65,3300.0,-1976.69,-37.11,259.12,-1.9,12.36,47.33
2024/1/27 9:45,-93.81,39.9,12.65,1359.22,-1700.03,-101.64,259.12,-5.0,12.36,47.33
2024/1/27 10:00,101.84,27.95,6.45,1455.42,122.02,93.08,327.89,132.0,25.96,40.32
2024/1/27 10:15,-12.02,27.95,6.45,955.05,3033.64,-1.57,327.89,127.99,25.96,94.08
2024/1/27 10:30,-11.49,31.3,6.45,930.55,959.78,75.51,327.89,132.0,25.96,94.08
2024/1/27 10:45,-36.55,31.3,6.45,1805.32,-2854.51,63.5,327.89,117.9,25.96,94.08
2024/1/27 11:00,96.87,22.41,11.27,-1600.0,-1047.95,72.14,327.89,132.0,28.54,80.44
2024/1/27 11:15,-1.61,22.41,11.27,-1600.0,133.58,68.98,327.89,127.99,28.54,80.44
2024/1/27 11:30,-31.62,21.59,11.27,-4417.88,-202.15,70.72,327.89,-5.0,28.54,80.44
2024/1/27 11:45,-29.61,21.59,11.27,-3838.81,-2235.75,90.53,327.89,-1.9,28.54,80.44
2024/1/27 12:00,-107.36,19.01,16.18,-303.82,-1340.73,79.29,327.89,132.0,65.37,78.18
2024/1/27 12:15,-114.9,19.01,16.18,-119.05,-3780.27,41.94,327.89,130.9,65.37,78.18
2024/1/27 12:30,-99.03,19.57,16.18,-1907.33,-1503.04,-50.46,327.89,127.99,65.37,78.18
2024/1/27 12:45,-202.98,19.57,16.18,-2897.06,-2758.18,-157.68,327.89,127.99,65.37,78.18
2024/1/27 13:00,-57.54,64.27,37.55,-569.07,-4227.9,-10.25,327.89,127.99,120.76,75.43
2024/1/27 13:15,-83.0,64.27,37.55,-428.17,-2804.7,-21.97,327.89,132.0,120.76,75.43
2024/1/27 13:30,-66.81,31.32,37.55,-188.58,-4481.44,-10.56,327.89,132.0,120.76,75.43
2024/1/27 13:45,-208.15,31.32,37.55,3300.0,-4169.86,90.76,327.89,127.99,120.76,75.43
2024/1/27 14:00,-63.97,28.06,40.48,3500.0,-5270.86,56.18,260.06,127.99,114.55,84.36
2024/1/27 14:15,-92.91,28.06,40.48,3500.0,94953.69,52.0,260.06,127.99,114.55,84.36
2024/1/27 14:30,-179.6,74.5,40.48,2585.36,120981.29,92.89,260.06,132.0,114.55,84.36
2024/1/27 14:45,-163.33,74.5,40.48,1352.69,108547.38,150.61,260.06,132.0,114.55,84.36
2024/1/27 15:00,-28.66,29.13,18.64,1680.42,-1988.64,15.65,303.17,-2.99,25.29,103.14
2024/1/27 15:15,92.53,29.13,18.64,900.22,-1900.0,36.37,303.17,132.0,25.29,103.14
2024/1/27 15:30,107.44,72.27,18.64,-1600.0,-2670.0,108.54,303.17,132.0,25.29,103.14
2024/1/27 15:45,161.75,72.27,18.64,-2984.86,99233.1,92.46,303.17,-1.9,25.29,44.2
2024/1/27 16:00,100.92,11.41,7.3,-1800.0,-3778.69,63.95,331.07,127.99,17.71,126.83
2024/1/27 16:15,115.35,11.41,7.3,-618.71,-1969.14,78.27,331.07,-1.9,17.71,126.83
2024/1/27 16:30,-26.96,35.84,7.3,-572.88,-1285.38,14.85,331.07,-1.9,17.71,126.83
2024/1/27 16:45,89.34,35.84,7.3,-435.61,-2001.82,-25.71,331.07,-1.9,17.71,54.35
2024/1/27 17:00,-123.49,4.22,14.51,-524.26,101503.6,-171.31,391.5,-2.99,12.1,58.13
2024/1/27 17:15,-80.36,4.22,14.51,-264.32,100982.99,-21.87,391.5,-5.0,12.1,58.13
2024/1/27 17:30,-41.75,107.52,14.51,-253.13,-1422.87,95.07,391.5,-5.0,12.1,135.63
2024/1/27 17:45,-7.03,107.52,14.51,-132.53,-1244.69,111.12,391.5,-2.99,12.1,135.63
2024/1/27 18:00,-71.23,13.43,45.01,-747.23,80000.0,135.2,299.05,129.0,21.74,138.95
2024/1/27 18:15,-57.64,13.43,45.01,-687.96,-1247.0,101.13,299.05,-5.0,21.74,138.95
2024/1/27 18:30,-63.78,12.21,45.01,-619.0,-1245.49,95.62,299.05,-5.0,21.74,138.95
2024/1/27 18:45,-66.69,12.21,45.01,-445.03,-1434.68,79.68,299.05,-2.99,21.74,138.95
2024/1/27 19:00,-58.41,18.09,46.85,3300.0,-1012.92,-40.67,291.64,-5.0,20.97,135.06
2024/1/27 19:15,-61.53,18.09,46.85,3300.0,-751.28,-41.47,291.64,-5.0,20.97,135.06
2024/1/27 19:30,-67.05,-34.63,46.85,-1600.0,-1253.89,64.82,291.64,-2.99,20.97,57.88
2024/1/27 19:45,-32.57,-34.63,46.85,-1600.0,-1216.41,11.79,291.64,-5.0,20.97,57.88
2024/1/27 20:00,88.54,23.82,43.38,3500.0,-1295.48,-23.96,278.15,132.0,37.01,50.93
2024/1/27 20:15,88.42,23.82,43.38,3500.0,-1483.02,-0.74,278.15,-5.0,37.01,50.93
2024/1/27 20:30,-23.91,29.02,43.38,3500.0,-526.8,17.28,278.15,-5.0,37.01,50.93
2024/1/27 20:45,87.9,29.02,43.38,-2455.94,-667.03,-5.8,278.15,-5.0,37.01,50.93
2024/1/27 21:00,94.58,28.09,29.76,3300.0,-789.01,37.08,260.06,-2.99,25.98,47.22
2024/1/27 21:15,2.69,28.09,29.76,-1600.0,-1235.77,4.13,260.06,-5.0,25.98,47.22
2024/1/27 21:30,0.37,26.87,29.76,-1600.0,-1005.32,-0.71,260.06,-5.0,25.98,50.33
2024/1/27 21:45,-94.95,26.87,29.76,-4102.37,-795.76,-77.32,260.06,-5.0,25.98,15.94
2024/1/27 22:00,3.93,50.36,22.19,3500.0,-1389.93,17.8,303.17,-1.9,101.18,-154.34
2024/1/27 22:15,88.42,50.36,22.19,3500.0,-683.06,37.2,303.17,-5.0,101.18,-201.62
2024/1/27 22:30,8.16,28.7,22.19,3500.0,-668.84,75.74,303.17,132.0,101.18,-170.05
2024/1/27 22:45,89.25,28.7,22.19,1608.23,-791.3,62.47,303.17,-1.9,101.18,-197.22
2024/1/27 23:00,10.07,40.02,15.4,1623.3,-712.71,61.84,297.51,-2.99,101.19,-237.14
2024/1/27 23:15,8.25,40.02,15.4,892.57,-1115.91,69.09,297.51,-5.0,101.19,-174.66
2024/1/27 23:30,6.23,24.39,15.4,897.3,-1009.59,68.4,297.51,-5.0,101.19,-112.81
2024/1/27 23:45,88.42,24.39,15.4,818.66,-1400.03,63.8,297.51,-5.0,101.19,-80.95
2024/1/28 0:00,117.8,37.96,0.68,792.43,-1033.05,12.32,288.82,132.0,106.43,93.48
2024/1/28 0:15,90.78,37.96,0.68,1064.09,-411.85,4.05,288.82,-5.0,106.43,93.48
2024/1/28 0:30,123.43,31.99,0.68,1446.94,-556.39,0.88,288.82,-5.0,106.43,40.06
2024/1/28 0:45,91.44,31.99,0.68,796.63,-704.1,55.81,288.82,-1.9,106.43,40.06
2024/1/28 1:00,10.05,111.08,2.08,1794.77,-309.5,64.81,287.72,132.0,33.36,36.31
2024/1/28 1:15,110.13,111.08,2.08,1018.39,-1867.91,80.04,287.72,-1.9,33.36,36.31
2024/1/28 1:30,10.0,133.33,2.08,779.58,-1186.24,49.03,287.72,-1.9,33.36,36.31
2024/1/28 1:45,88.71,133.33,2.08,1076.88,-1560.7,47.85,287.72,-5.0,33.36,36.31
2024/1/28 2:00,13.42,116.82,2.84,952.7,-1444.04,83.59,257.25,-5.0,10.16,35.17
2024/1/28 2:15,10.13,116.82,2.84,791.51,-607.56,67.79,257.25,-5.0,10.16,35.17
2024/1/28 2:30,9.99,85.62,2.84,786.13,-41.43,60.92,257.25,-1.9,10.16,35.17
2024/1/28 2:45,10.0,85.62,2.84,786.99,-3.21,60.83,257.25,-1.9,10.16,35.17
2024/1/28 3:00,10.69,56.88,3.99,775.42,-556.36,10.61,269.12,-5.0,0.0,81.2
2024/1/28 3:15,14.23,56.88,3.99,775.08,36.55,12.88,269.12,-1.9,0.0,81.2
2024/1/28 3:30,19.89,20.52,3.99,819.65,-1269.99,64.37,269.12,-5.0,0.0,81.2
2024/1/28 3:45,91.0,20.52,3.99,806.12,332.34,90.43,269.12,-1.9,0.0,34.8
2024/1/28 4:00,93.29,23.68,10.73,1813.7,-504.39,63.77,296.45,-5.0,112.04,35.26
2024/1/28 4:15,92.13,23.68,10.73,1192.5,-99.27,56.89,296.45,-5.0,112.04,82.26
2024/1/28 4:30,25.75,23.73,10.73,1059.66,-99.32,38.3,296.45,-5.0,112.04,82.26
2024/1/28 4:45,15.14,23.73,10.73,1467.87,-489.0,24.96,296.45,-1.9,112.04,82.26
2024/1/28 5:00,16.64,39.97,11.83,-4230.57,-610.48,56.76,302.56,-1.9,109.98,85.32
2024/1/28 5:15,13.68,39.97,11.83,-1600.0,512.75,14.56,302.56,-1.9,109.98,85.32
2024/1/28 5:30,15.9,42.67,11.83,-1600.0,-1680.32,30.85,302.56,-1.9,109.98,85.32
2024/1/28 5:45,102.17,42.67,11.83,-1600.0,-302.39,51.18,302.56,-1.9,109.98,85.32
2024/1/28 6:00,102.0,28.62,12.53,-1800.0,-1100.71,14.58,294.32,-5.0,123.8,35.03
2024/1/28 6:15,100.16,28.62,12.53,-4501.46,-1320.27,2.42,294.32,-5.0,123.8,35.03
2024/1/28 6:30,15.31,45.36,12.53,-4670.26,-1473.11,11.93,294.32,-5.0,123.8,81.75
2024/1/28 6:45,99.09,45.36,12.53,2237.82,-1315.0,45.79,294.32,-1.9,123.8,81.75
2024/1/28 7:00,102.63,1.12,7.13,-1600.0,-1514.0,90.37,288.16,-5.0,16.81,39.25
2024/1/28 7:15,101.88,1.12,7.13,-1600.0,-1000.0,96.27,288.16,-1.9,16.81,91.59
2024/1/28 7:30,101.89,-3.54,7.13,3300.0,-1002.32,86.83,288.16,132.0,16.81,91.59
2024/1/28 7:45,13.17,-3.54,7.13,3300.0,-1000.96,93.05,288.16,132.0,16.81,91.59
2024/1/28 8:00,101.31,11.72,33.7,3500.0,-1000.93,59.42,288.16,-1.9,15.54,39.83
2024/1/28 8:15,101.64,11.72,33.7,2063.9,-1000.16,63.44,288.16,-1.9,15.54,39.83
2024/1/28 8:30,105.54,0.26,33.7,1225.99,80.68,45.1,288.16,132.0,15.54,92.95
2024/1/28 8:45,112.25,0.26,33.7,-1800.0,-2523.37,33.45,288.16,-1.9,15.54,92.95
2024/1/28 9:00,107.45,6.15,28.91,1108.25,-596.07,70.07,291.98,-1.9,0.0,38.51
2024/1/28 9:15,-210.75,6.15,28.91,1252.86,-575.37,68.17,291.98,-1.9,0.0,38.51
2024/1/28 9:30,-181.99,4.16,28.91,817.07,1464.28,30.39,291.98,-1.9,0.0,38.51
2024/1/28 9:45,-118.13,4.16,28.91,1178.76,-141.58,10.6,291.98,-1.9,0.0,38.51
2024/1/28 10:00,117.65,11.68,1.29,814.88,-126.52,29.0,288.16,-5.0,86.58,36.99
2024/1/28 10:15,116.28,11.68,1.29,1063.51,-2197.44,14.15,288.16,-5.0,86.58,36.99
2024/1/28 10:30,105.95,14.13,1.29,901.4,-3425.0,-94.41,288.16,-1.9,86.58,36.99
2024/1/28 10:45,100.12,14.13,1.29,934.14,-1948.0,-113.96,288.16,-1.9,86.58,36.99
2024/1/28 11:00,112.95,9.04,0.0,1489.01,-869.15,29.0,278.48,-1.9,100.33,35.05
2024/1/28 11:15,106.49,9.04,0.0,839.76,-781.77,21.43,278.48,-5.0,100.33,35.05
2024/1/28 11:30,93.14,4.24,0.0,817.4,-16260.07,-11.99,278.48,-5.0,100.33,35.05
2024/1/28 11:45,-130.0,4.24,0.0,1383.78,-38717.2,-9.42,278.48,-5.0,100.33,36.82
2024/1/28 12:00,-97.55,53.56,0.0,1159.2,-37941.14,-33.07,274.19,132.0,83.92,37.98
2024/1/28 12:15,-23.95,53.56,0.0,747.69,-3258.43,-88.96,274.19,-1.9,83.92,38.33
2024/1/28 12:30,-47.19,52.93,0.0,1348.36,-2368.19,-60.13,274.19,-1.9,83.92,38.32
2024/1/28 12:45,-106.24,52.93,0.0,844.79,-9792.05,-166.47,274.19,-5.0,83.92,37.01
2024/1/28 13:00,-167.97,48.42,1.07,-1800.0,-5399.86,87.81,302.56,-5.0,75.07,36.19
2024/1/28 13:15,-153.76,48.42,1.07,-1800.0,-6599.27,74.98,302.56,-5.0,75.07,33.63
2024/1/28 13:30,-103.99,43.94,1.07,-1800.0,-6951.91,74.94,302.56,-5.0,75.07,33.3
2024/1/28 13:45,-80.51,43.94,1.07,-1826.26,-8599.98,-9.49,302.56,-5.0,75.07,32.8
2024/1/28 14:00,95.1,9.63,22.97,-896.44,-14883.56,-60.76,347.64,-5.0,72.93,38.96
2024/1/28 14:15,97.81,9.63,22.97,-508.15,-30935.22,10.06,347.64,-5.0,72.93,39.52
2024/1/28 14:30,102.52,62.87,22.97,-260.65,-10149.65,49.84,347.64,132.0,72.93,42.3
2024/1/28 14:45,143.22,62.87,22.97,-770.65,-8609.56,37.35,347.64,132.0,72.93,41.83
2024/1/28 15:00,-97.78,74.28,26.33,-209.41,-5926.92,-3.24,399.55,-5.0,92.24,42.82
2024/1/28 15:15,-151.86,74.28,26.33,-2142.9,-12118.73,111.83,399.55,-1.9,92.24,42.82
2024/1/28 15:30,-201.98,70.61,26.33,0.2,93811.71,226.46,399.55,132.0,92.24,42.82
2024/1/28 15:45,-140.63,70.61,26.33,3665.66,93650.5,977.01,399.55,132.0,92.24,42.82
2024/1/28 16:00,101.43,68.74,22.44,-1761.54,-2896.05,96.5,497.49,-5.0,173.7,115.22
2024/1/28 16:15,5.38,68.74,22.44,4372.89,-31462.37,92.43,497.49,-0.2,173.7,49.38
2024/1/28 16:30,-17.7,74.73,22.44,3500.0,-1066.34,29.4,497.49,-0.2,173.7,115.22
2024/1/28 16:45,-119.33,74.73,22.44,3500.0,-456.0,-40.06,497.49,132.0,173.7,115.22
2024/1/28 17:00,-177.71,90.08,14.7,-2338.03,-359.69,-166.36,466.86,-5.0,36.49,55.05
2024/1/28 17:15,-149.56,90.08,14.7,-3375.0,-869.43,76.71,466.86,-5.0,36.49,55.05
2024/1/28 17:30,-147.23,91.29,14.7,-1800.0,-624.18,3.01,466.86,124.9,36.49,128.45
2024/1/28 17:45,-63.56,91.29,14.7,-1800.0,-1601.33,35.51,466.86,-0.2,36.49,128.45
2024/1/28 18:00,-82.04,85.65,23.39,-1800.0,-986.79,-32.72,447.51,-5.0,20.38,52.64
2024/1/28 18:15,-10.32,85.65,23.39,-1500.53,-1276.4,-6.7,447.51,133.74,20.38,52.64
2024/1/28 18:30,-42.56,92.45,23.39,-801.6,-1487.08,0.09,447.51,133.74,20.38,52.64
2024/1/28 18:45,93.82,92.45,23.39,-253.63,-1552.61,-0.34,447.51,133.74,20.38,52.64
2024/1/28 19:00,90.12,87.19,42.07,-517.71,-1518.58,43.99,440.71,-0.2,0.0,119.15
2024/1/28 19:15,98.06,87.19,42.07,-121.0,-1238.57,94.53,440.71,-0.2,0.0,119.15
2024/1/28 19:30,12.9,84.9,42.07,-212.08,-1088.82,24.19,440.71,-0.2,0.0,119.15
2024/1/28 19:45,7.64,84.9,42.07,-535.27,-1253.29,53.7,440.71,-5.0,0.0,119.15
2024/1/28 20:00,-120.16,85.6,32.22,-443.97,-1457.82,1740.75,399.55,132.0,148.85,115.64
2024/1/28 20:15,-92.55,85.6,32.22,-224.0,-1601.74,90.55,399.55,132.0,148.85,115.64
2024/1/28 20:30,-39.75,84.22,32.22,-422.09,-1639.64,61.53,399.55,132.0,148.85,115.64
2024/1/28 20:45,90.44,84.22,32.22,-726.81,-1285.13,16.88,399.55,-5.0,148.85,115.64
2024/1/28 21:00,-31.98,87.41,3.57,-270.84,92568.82,108.78,257.0,132.0,2.78,101.18
2024/1/28 21:15,93.4,87.41,3.57,-245.86,-1558.86,49.9,257.0,116.9,2.78,101.18
2024/1/28 21:30,90.84,31.07,3.57,-581.44,-956.69,32.64,257.0,132.0,2.78,101.18
2024/1/28 21:45,15.05,31.07,3.57,-616.37,-769.73,30.98,257.0,-5.0,2.78,101.18
2024/1/28 22:00,-85.88,35.65,6.37,-430.83,-789.0,17.05,278.48,-5.0,97.81,40.54
2024/1/28 22:15,-89.56,35.65,6.37,-320.1,-1221.35,-45.76,278.48,-5.0,97.81,40.54
2024/1/28 22:30,-92.64,83.94,6.37,-392.7,-1526.1,-59.89,278.48,-5.0,97.81,40.54
2024/1/28 22:45,-25.09,83.94,6.37,-671.63,-1730.53,66.29,278.48,-5.0,97.81,40.54
2024/1/28 23:00,95.09,82.74,4.06,-2863.42,-1355.95,20.4,278.48,-5.0,107.35,33.6
2024/1/28 23:15,90.56,82.74,4.06,-911.51,-563.31,-40.39,278.48,-5.0,107.35,33.6
2024/1/28 23:30,90.28,57.54,4.06,-1923.83,-685.97,-54.69,278.48,-5.0,107.35,34.49
2024/1/28 23:45,90.56,57.54,4.06,-1026.06,-1005.53,62.07,278.48,-5.0,107.35,36.45
2024/1/29 0:00,93.17,93.79,13.2,-16.87,-614.22,82.3,335.87,-5.0,31.75,29.98
2024/1/29 0:15,90.48,93.79,13.2,-1403.85,-878.54,88.11,335.87,-5.0,31.75,69.96
2024/1/29 0:30,89.59,75.37,13.2,-452.37,34.03,69.83,335.87,-5.0,31.75,69.96
2024/1/29 0:45,95.8,75.37,13.2,-433.06,651.0,71.29,335.87,-5.0,31.75,29.98
2024/1/29 1:00,-34.01,51.13,28.72,-241.13,66860.0,85.97,335.87,-5.0,30.33,66.16
2024/1/29 1:15,-22.95,51.13,28.72,-256.68,18393.59,17.89,335.87,-5.0,30.33,28.36
2024/1/29 1:30,10.4,36.15,28.72,-727.29,18393.59,67.77,335.87,-5.0,30.33,28.36
2024/1/29 1:45,-44.11,36.15,28.72,-4390.45,18393.59,64.63,335.87,-5.0,30.33,28.36
2024/1/29 2:00,-73.64,88.85,40.5,-183.64,18728.3,18.19,335.87,-5.0,50.65,67.37
2024/1/29 2:15,-30.87,88.85,40.5,-1429.51,18728.3,62.41,335.87,-5.0,50.65,67.37
2024/1/29 2:30,-5.27,92.83,40.5,-1.29,3554.0,89.19,335.87,-5.0,50.65,67.37
2024/1/29 2:45,89.65,92.83,40.5,-8.92,2839.54,81.45,335.87,-5.0,50.65,67.37
2024/1/29 3:00,94.02,51.31,38.79,-425.47,3333.0,94.52,335.87,-5.0,31.73,67.16
2024/1/29 3:15,94.59,51.31,38.79,-1568.9,3483.0,29.0,335.87,-1.9,31.73,67.16
2024/1/29 3:30,94.83,48.07,38.79,-728.29,4337.0,96.09,335.87,-1.9,31.73,67.16
2024/1/29 3:45,95.1,48.07,38.79,-437.97,4385.0,85.66,335.87,-1.9,31.73,67.16
2024/1/29 4:00,89.37,63.91,31.84,-434.36,4015.37,68.19,334.67,-5.0,18.03,72.21
2024/1/29 4:15,89.37,63.91,31.84,-442.85,3999.0,55.44,334.67,-5.0,18.03,72.21
2024/1/29 4:30,97.21,64.18,31.84,-141.43,4443.9,29.0,334.67,-5.0,18.03,72.21
2024/1/29 4:45,90.49,64.18,31.84,-596.11,3529.55,69.54,334.67,-5.0,18.03,72.21
2024/1/29 5:00,89.37,25.22,13.24,-962.61,4420.5,-59.9,293.08,-5.0,0.0,84.08
2024/1/29 5:15,89.37,25.22,13.24,-942.9,5785.01,-8.87,293.08,-5.0,0.0,84.08
2024/1/29 5:30,93.91,41.49,13.24,-560.74,7658.08,-1.92,293.08,132.0,0.0,84.08
2024/1/29 5:45,94.32,41.49,13.24,3830.76,5632.0,32.73,293.08,132.0,0.0,84.08
2024/1/29 6:00,94.76,114.1,7.91,-388.85,7141.76,89.18,334.68,-5.0,7.37,120.48
2024/1/29 6:15,94.18,114.1,7.91,-987.79,9571.99,73.83,334.68,-5.0,7.37,120.48
2024/1/29 6:30,106.72,104.47,7.91,-165.04,72762.95,110.24,334.68,132.0,7.37,120.48
2024/1/29 6:45,105.24,104.47,7.91,3500.0,72886.2,112.52,334.68,132.0,7.37,120.48
2024/1/29 7:00,99.76,114.74,18.29,-1800.0,7278.04,87.93,402.34,-5.0,22.2,135.8
2024/1/29 7:15,106.48,114.74,18.29,-1800.0,7421.72,146.45,402.34,131.98,22.2,135.8
2024/1/29 7:30,114.33,112.44,18.29,-1800.0,9315.32,61.19,402.34,131.98,22.2,135.8
2024/1/29 7:45,135.53,112.44,18.29,-1800.0,9037.76,130.79,402.34,131.98,22.2,135.8
2024/1/29 8:00,119.86,83.28,46.07,-2158.02,5965.23,52.4,378.2,-0.2,0.0,141.48
2024/1/29 8:15,106.51,83.28,46.07,-1800.0,5497.47,46.44,378.2,-0.2,0.0,141.48
2024/1/29 8:30,-19.8,89.83,46.07,-2102.43,5839.89,-20.23,378.2,-5.0,0.0,141.48
2024/1/29 8:45,9.26,89.83,46.07,-2176.07,3556.34,8.56,378.2,-4.89,0.0,141.48
2024/1/29 9:00,109.41,75.47,44.74,-1800.0,2901.37,122.0,282.69,132.0,30.63,123.75
2024/1/29 9:15,104.69,75.47,44.74,-3714.99,3952.62,92.37,282.69,-5.0,30.63,123.75
2024/1/29 9:30,95.0,21.26,44.74,-2069.08,5733.81,-949.0,282.69,-5.0,30.63,123.75
2024/1/29 9:45,94.87,21.26,44.74,-1800.0,2766.81,-755.79,282.69,-5.0,30.63,53.03
2024/1/29 10:00,116.26,-11.2,30.48,-1800.0,4031.64,38.67,231.73,132.0,0.0,110.46
2024/1/29 10:15,95.6,-11.2,30.48,-3674.55,6660.12,60.61,231.73,-4.89,0.0,110.46
2024/1/29 10:30,94.03,-7.85,30.48,-2819.39,7149.66,-13.83,231.73,-4.89,0.0,110.46
2024/1/29 10:45,95.12,-7.85,30.48,-2334.18,8061.74,32.84,231.73,-5.0,0.0,47.34
2024/1/29 11:00,24.99,38.19,63.5,-1887.51,8582.41,35.99,231.73,132.0,28.98,42.76
2024/1/29 11:15,28.02,38.19,63.5,-2078.22,8640.27,64.14,231.73,-4.89,28.98,42.76
2024/1/29 11:30,11.0,40.22,63.5,-1800.0,7984.78,93.46,231.73,-4.89,28.98,42.76
2024/1/29 11:45,7.75,40.22,63.5,-1432.45,7935.12,46.06,231.73,-4.89,28.98,42.76
2024/1/29 12:00,10.52,39.64,79.0,-1135.64,7727.2,39.25,199.85,-4.89,26.59,98.34
2024/1/29 12:15,5.14,39.64,79.0,-1249.4,7807.73,17.81,199.85,-5.0,26.59,98.34
2024/1/29 12:30,-19.3,42.54,79.0,-1196.66,8957.08,-149.66,199.85,-5.0,26.59,98.34
2024/1/29 12:45,-56.43,42.54,79.0,-1090.98,9258.2,-1668.33,199.85,-5.0,26.59,42.14
2024/1/29 13:00,-21.34,41.65,16.19,-1404.05,8071.06,36.26,231.73,-5.0,30.26,108.14
2024/1/29 13:15,-0.61,41.65,16.19,-1300.18,7152.25,45.67,231.73,-5.0,30.26,46.34
2024/1/29 13:30,2.05,41.24,16.19,-953.73,8801.27,52.2,231.73,-5.0,30.26,46.34
2024/1/29 13:45,-33.68,41.24,16.19,-1022.05,6219.92,87.98,231.73,-5.0,30.26,46.34
2024/1/29 14:00,-18.57,42.05,84.25,-253.43,8449.49,51.88,277.44,-5.0,31.43,118.79
2024/1/29 14:15,-5.55,42.05,84.25,-17.82,9086.23,88.43,277.44,-4.89,31.43,118.79
2024/1/29 14:30,36.18,40.86,84.25,3500.0,9466.66,86.63,277.44,-1.9,31.43,118.79
2024/1/29 14:45,96.01,40.86,84.25,3500.0,9755.62,92.08,277.44,-1.9,31.43,118.79
2024/1/29 15:00,49.7,81.08,91.9,3500.0,7167.27,79.99,402.32,-1.9,10.23,137.4
2024/1/29 15:15,107.82,81.08,91.9,3500.0,9195.79,54.77,402.32,-1.0,10.23,137.4
2024/1/29 15:30,125.15,79.87,91.9,3500.0,79958.32,68.57,402.32,-1.0,10.23,137.4
2024/1/29 15:45,179.28,79.87,91.9,3500.0,80355.04,112.19,402.32,-1.0,10.23,137.4
2024/1/29 16:00,45.31,78.04,43.72,3500.0,5616.57,75.29,445.35,-5.0,167.38,151.68
2024/1/29 16:15,16.05,78.04,43.72,3500.0,7477.81,76.83,445.35,-5.0,167.38,65.0
2024/1/29 16:30,39.09,86.47,43.72,3500.0,5110.01,92.51,445.35,0.0,167.38,151.68
2024/1/29 16:45,30.84,86.47,43.72,3500.0,7739.6,58.38,445.35,139.0,167.38,151.68
2024/1/29 17:00,35.22,78.08,45.34,3500.0,4049.64,29.41,378.19,-5.0,55.57,75.2
2024/1/29 17:15,36.83,78.08,45.34,3500.0,7991.93,33.46,378.19,0.0,55.57,75.2
2024/1/29 17:30,45.8,78.61,45.34,-1800.0,9198.27,121.59,378.19,0.0,55.57,75.2
2024/1/29 17:45,54.7,78.61,45.34,-1800.0,6764.74,120.85,378.19,0.0,55.57,75.2
2024/1/29 18:00,49.23,9.44,39.72,-1800.0,8970.66,127.79,402.78,-4.89,22.85,70.4
2024/1/29 18:15,52.88,9.44,39.72,-1800.0,9127.92,98.64,402.78,150.0,22.85,70.4
2024/1/29 18:30,46.59,66.66,39.72,-1800.0,8991.98,101.03,402.78,150.0,22.85,70.4
2024/1/29 18:45,47.24,66.66,39.72,-1800.0,9439.88,93.38,402.78,-5.0,22.85,70.4
2024/1/29 19:00,106.63,50.32,57.01,-2475.83,8925.95,15.49,369.69,147.0,20.97,64.51
2024/1/29 19:15,98.78,50.32,57.01,-1800.0,9123.77,40.63,369.69,147.0,20.97,64.51
2024/1/29 19:30,36.85,43.45,57.01,-1800.0,9414.98,79.94,369.69,146.51,20.97,64.51
2024/1/29 19:45,41.36,43.45,57.01,-1800.0,10741.71,73.78,369.69,139.0,20.97,64.51
2024/1/29 20:00,101.84,29.92,54.95,-2655.95,11099.26,103.47,277.44,132.0,30.65,54.8
2024/1/29 20:15,34.49,29.92,54.95,-1800.0,11873.93,84.57,277.44,132.0,30.65,54.8
2024/1/29 20:30,41.07,28.55,54.95,-1800.0,11656.51,80.22,277.44,128.0,30.65,54.8
2024/1/29 20:45,29.12,28.55,54.95,-1890.78,79277.39,13.02,277.44,-5.0,30.65,54.8
2024/1/29 21:00,45.08,30.99,43.13,3500.0,89530.52,88.18,259.4,132.0,37.98,51.52
2024/1/29 21:15,29.69,30.99,43.13,-1880.08,82225.1,85.07,259.4,127.99,37.98,51.52
2024/1/29 21:30,49.92,16.69,43.13,-1825.25,85010.5,62.38,259.4,132.0,37.98,51.52
2024/1/29 21:45,123.71,16.69,43.13,-1800.0,33529.58,-8.19,259.4,-5.0,37.98,51.52
2024/1/29 22:00,98.05,30.69,36.55,-1800.0,75351.72,93.44,249.31,132.0,108.65,49.96
2024/1/29 22:15,42.45,30.69,36.55,3500.0,32428.14,84.67,249.31,128.0,108.65,49.96
2024/1/29 22:30,47.13,28.9,36.55,3500.0,71882.13,79.74,249.31,132.0,108.65,54.61
2024/1/29 22:45,31.75,28.9,36.55,-1800.0,11552.48,18.79,249.31,-5.0,108.65,54.5
2024/1/29 23:00,25.95,33.19,34.51,3500.0,13252.71,45.19,259.4,132.0,117.9,55.66
2024/1/29 23:15,23.34,33.19,34.51,3500.0,12077.65,21.92,259.4,127.99,117.9,55.07
2024/1/29 23:30,32.39,31.12,34.51,3500.0,8519.11,68.67,259.4,127.99,117.9,53.69
2024/1/29 23:45,88.72,31.12,34.51,3500.0,74167.26,19.33,259.4,127.99,117.9,53.36
2024/1/30 0:00,111.5,41.73,35.09,3500.0,12380.04,47.33,264.4,128.0,58.23,43.16
2024/1/30 0:15,118.2,41.73,35.09,3500.0,9101.34,55.0,264.4,128.0,58.23,43.16
2024/1/30 0:30,114.47,49.22,35.09,3500.0,6704.97,52.82,264.4,128.0,58.23,43.16
2024/1/30 0:45,107.6,49.22,35.09,3500.0,6275.41,64.37,264.4,128.0,58.23,43.16
2024/1/30 1:00,103.73,21.13,33.08,3500.0,5717.39,76.92,264.42,128.0,100.51,41.26
2024/1/30 1:15,110.09,21.13,33.08,3500.0,7166.04,2.49,264.42,128.0,100.51,41.26
2024/1/30 1:30,98.58,22.47,33.08,3500.0,9037.63,8.94,264.42,128.0,100.51,41.26
2024/1/30 1:45,99.28,22.47,33.08,3500.0,5667.66,13.08,264.42,128.0,100.51,45.97
2024/1/30 2:00,52.8,31.52,30.2,3500.0,6661.91,79.85,281.27,132.0,85.41,48.34
2024/1/30 2:15,45.99,31.52,30.2,3500.0,71456.0,62.02,281.27,128.0,85.41,48.29
2024/1/30 2:30,45.23,35.1,30.2,3500.0,9654.0,54.91,281.27,128.0,85.41,48.3
2024/1/30 2:45,37.46,35.1,30.2,3500.0,8128.95,73.47,281.27,132.0,85.41,48.41
2024/1/30 3:00,59.31,82.83,15.4,3500.0,8967.0,43.95,281.27,132.0,194.58,46.84
2024/1/30 3:15,55.5,82.83,15.4,3500.0,72722.94,38.71,281.27,132.0,194.58,46.81
2024/1/30 3:30,95.62,74.43,15.4,3500.0,72641.01,48.01,281.27,132.0,194.58,46.79
2024/1/30 3:45,44.87,74.43,15.4,3500.0,73573.2,62.62,281.27,132.0,194.58,46.77
2024/1/30 4:00,25.48,65.26,21.81,3500.0,11174.0,4.75,281.27,128.0,84.22,45.9
2024/1/30 4:15,94.34,65.26,21.81,3500.0,10455.96,38.84,281.27,128.0,84.22,46.32
2024/1/30 4:30,100.65,68.31,21.81,1775.44,9456.0,99.94,281.27,132.0,84.22,46.21
2024/1/30 4:45,99.21,68.31,21.81,2094.62,8117.0,92.79,281.27,132.0,84.22,46.18
2024/1/30 5:00,104.53,49.97,11.93,-1869.1,7279.98,60.51,289.33,-5.0,4.8,45.59
2024/1/30 5:15,94.69,49.97,11.93,1096.55,9904.51,69.96,289.33,132.0,4.8,45.47
2024/1/30 5:30,112.24,50.22,11.93,1455.31,10608.57,71.61,289.33,132.0,4.8,47.54
2024/1/30 5:45,105.0,50.22,11.93,1886.35,8889.28,63.46,289.33,132.0,4.8,97.12
2024/1/30 6:00,97.02,51.3,33.65,-1640.49,8924.12,57.85,447.6,-5.0,137.34,57.96
2024/1/30 6:15,119.58,51.3,33.65,2148.91,11244.46,77.43,447.6,132.0,137.34,58.45
2024/1/30 6:30,117.79,46.2,33.65,1071.52,86872.44,110.77,447.6,132.0,137.34,60.63
2024/1/30 6:45,125.84,46.2,33.65,1160.87,84235.03,130.98,447.6,132.0,137.34,122.23
2024/1/30 7:00,114.58,9.11,26.66,-2472.9,88458.44,69.71,472.35,134.84,133.51,67.41
2024/1/30 7:15,127.43,9.11,26.66,-2259.53,74461.44,81.41,472.35,134.84,133.51,67.84
2024/1/30 7:30,137.05,90.68,26.66,-1800.0,74574.0,69.79,472.35,134.84,133.51,136.02
2024/1/30 7:45,134.77,90.68,26.66,-1800.0,6279.14,74.21,472.35,134.84,133.51,136.02
2024/1/30 8:00,148.36,94.89,60.94,-1800.0,8923.39,125.59,280.23,0.0,180.41,67.16
2024/1/30 8:15,30.71,94.89,60.94,-1800.0,6868.08,97.04,280.23,134.7,180.41,67.24
2024/1/30 8:30,30.7,16.68,60.94,-805.26,6293.16,92.8,280.23,134.7,180.41,134.58
2024/1/30 8:45,13.05,16.68,60.94,-1216.55,4346.08,29.21,280.23,0.0,180.41,134.58
2024/1/30 9:00,110.33,36.57,30.89,-924.58,5350.34,106.73,280.23,132.0,0.0,118.9
2024/1/30 9:15,106.65,36.57,30.89,-1288.27,6920.85,34.44,280.23,-1.0,0.0,118.9
2024/1/30 9:30,107.59,25.99,30.89,-663.45,9492.04,70.07,280.23,-1.0,0.0,50.96
2024/1/30 9:45,109.05,25.99,30.89,-485.79,9944.29,56.05,280.23,132.0,0.0,118.9
2024/1/30 10:00,133.34,35.59,41.8,-273.97,9958.23,113.74,284.34,132.0,55.54,108.01
2024/1/30 10:15,149.79,35.59,41.8,-432.36,9972.05,104.31,284.34,-1.0,55.54,46.29
2024/1/30 10:30,142.91,26.11,41.8,-629.2,9981.27,80.91,284.34,-5.0,55.54,46.29
2024/1/30 10:45,131.49,26.11,41.8,-592.37,9988.49,83.35,284.34,-5.0,55.54,46.29
2024/1/30 11:00,111.1,42.76,36.91,-649.13,9805.48,79.54,279.35,132.0,0.0,42.06
2024/1/30 11:15,123.86,42.76,36.91,-959.36,27303.95,51.24,279.35,0.0,0.0,42.06
2024/1/30 11:30,131.69,47.71,36.91,-1020.15,11287.04,85.55,279.35,0.0,0.0,42.06
2024/1/30 11:45,121.45,47.71,36.91,-851.82,13234.76,20.94,279.35,-5.0,0.0,42.06
2024/1/30 12:00,40.16,42.76,33.86,-788.46,13499.56,59.61,264.48,-5.0,30.25,95.34
2024/1/30 12:15,22.73,42.76,33.86,-665.66,12312.0,22.05,264.48,0.0,30.25,95.34
2024/1/30 12:30,106.06,46.24,33.86,-900.55,12116.82,6.37,264.48,-1.0,30.25,40.86
2024/1/30 12:45,105.91,46.24,33.86,-854.65,13392.84,51.85,264.48,-1.0,30.25,40.86
2024/1/30 13:00,28.72,42.26,53.64,-1080.61,11491.94,57.49,280.23,-1.0,23.93,95.52
2024/1/30 13:15,41.94,42.26,53.64,-765.86,11992.89,75.25,280.23,0.0,23.93,40.94
2024/1/30 13:30,98.0,47.48,53.64,-832.94,10547.59,84.18,280.23,0.0,23.93,40.94
2024/1/30 13:45,99.82,47.48,53.64,-1014.38,10276.56,77.6,280.23,-5.0,23.93,40.94
2024/1/30 14:00,-13.74,45.87,58.67,-1080.57,11178.41,-7.21,286.26,-1.0,115.29,43.16
2024/1/30 14:15,7.08,45.87,58.67,-1020.12,12103.2,-8.05,286.26,-1.0,115.29,43.16
2024/1/30 14:30,20.42,88.8,58.67,-1134.58,12637.4,85.54,286.26,128.0,115.29,100.7
2024/1/30 14:45,49.48,88.8,58.67,-656.37,-4208.35,93.37,286.26,132.0,115.29,100.7
2024/1/30 15:00,96.07,89.44,5.08,-355.58,8094.06,75.45,403.17,128.0,142.68,123.45
2024/1/30 15:15,42.9,89.44,5.08,-1376.21,12954.38,87.97,403.17,132.0,142.68,52.91
2024/1/30 15:30,52.65,82.86,5.08,0.01,75071.04,110.72,403.17,132.0,142.68,123.45
2024/1/30 15:45,53.52,82.86,5.08,3500.0,74805.28,127.59,403.17,132.0,142.68,123.45
2024/1/30 16:00,129.44,87.17,0.99,-1800.0,13911.61,85.07,510.35,128.0,156.64,58.96
2024/1/30 16:15,125.88,87.17,0.99,-1800.0,14253.53,101.58,510.35,128.0,156.64,58.96
2024/1/30 16:30,100.67,86.91,0.99,3647.39,11939.66,102.36,510.35,140.96,156.64,137.58
2024/1/30 16:45,53.11,86.91,0.99,3500.0,77851.23,105.57,510.35,140.96,156.64,137.58
2024/1/30 17:00,33.51,33.79,14.72,3500.0,15520.15,8.59,436.83,-5.0,176.32,62.8
2024/1/30 17:15,50.7,33.79,14.72,3500.0,15740.59,90.89,436.83,0.0,176.32,146.54
2024/1/30 17:30,125.57,21.45,14.72,3500.0,15741.0,98.84,436.83,134.0,176.32,146.54
2024/1/30 17:45,126.99,21.45,14.72,3500.0,72125.0,76.34,436.83,145.05,176.32,146.54
2024/1/30 18:00,122.89,70.89,52.53,3500.0,15741.0,54.16,403.17,-1.0,30.98,154.36
2024/1/30 18:15,116.99,70.89,52.53,3500.0,14555.0,37.66,403.17,148.18,30.98,154.36
2024/1/30 18:30,44.95,68.64,52.53,3500.0,71225.0,33.73,403.17,148.18,30.98,154.36
2024/1/30 18:45,126.44,68.64,52.53,3500.0,15741.0,126.44,403.17,-1.0,30.98,154.36
2024/1/30 19:00,134.24,70.2,64.66,3500.0,75467.47,159.34,403.17,-1.0,144.45,142.86
2024/1/30 19:15,147.33,70.2,64.66,3500.0,73414.34,162.34,403.17,-1.0,144.45,135.97
2024/1/30 19:30,41.26,68.9,64.66,1513.61,83052.78,121.34,403.17,0.0,144.45,135.92
2024/1/30 19:45,38.85,68.9,64.66,1921.8,75524.91,81.86,403.17,0.0,144.45,133.27
2024/1/30 20:00,40.39,83.86,56.44,1767.26,90121.94,30.94,281.06,132.0,165.01,127.07
2024/1/30 20:15,36.99,83.86,56.44,1534.08,85134.81,90.71,281.06,0.0,165.01,125.74
2024/1/30 20:30,121.75,64.33,56.44,1326.39,89347.06,80.52,281.06,0.0,165.01,124.89
2024/1/30 20:45,37.75,64.33,56.44,-1722.62,76346.34,79.72,281.06,-5.0,165.01,133.64
2024/1/30 21:00,121.78,80.36,48.18,1292.46,79490.8,55.45,290.34,132.0,45.51,49.96
2024/1/30 21:15,121.22,80.36,48.18,1810.17,5529.27,26.96,290.34,-1.0,45.51,49.96
2024/1/30 21:30,120.32,78.82,48.18,-2203.61,8067.29,43.89,290.34,-5.0,45.51,49.96
2024/1/30 21:45,35.4,78.82,48.18,-1800.0,9742.35,32.29,290.34,-5.0,45.51,49.96
2024/1/30 22:00,21.34,87.15,36.76,3500.0,4346.58,22.92,348.27,-5.0,12.71,111.99
2024/1/30 22:15,21.07,87.15,36.76,3500.0,72556.59,74.62,348.27,128.0,12.71,111.99
2024/1/30 22:30,26.22,89.73,36.76,3500.0,7702.37,87.38,348.27,-1.0,12.71,47.99
2024/1/30 22:45,10.04,89.73,36.76,-1800.0,9283.04,76.57,348.27,132.0,12.71,47.99
2024/1/30 23:00,38.01,82.16,42.71,3500.0,10200.0,109.66,311.98,132.0,39.74,101.5
2024/1/30 23:15,37.68,82.16,42.71,3500.0,72075.14,77.57,311.98,-1.0,39.74,101.5
2024/1/30 23:30,41.86,80.16,42.71,3500.0,71567.42,96.7,311.98,-1.9,39.74,43.5
2024/1/30 23:45,32.75,80.16,42.71,3500.0,9366.0,59.96,311.98,-5.0,39.74,43.5
2024/1/31 0:00,14.8,51.86,28.26,3362.97,9499.0,30.49,323.46,132.0,0.0,104.9
2024/1/31 0:15,10.52,51.86,28.26,-4732.73,8984.63,9.01,323.46,128.0,0.0,104.9
2024/1/31 0:30,5.34,49.79,28.26,-1800.0,8476.76,65.3,323.46,128.0,0.0,104.9
2024/1/31 0:45,25.14,49.79,28.26,-1800.0,9563.23,64.33,323.46,128.0,0.0,104.9
2024/1/31 1:00,13.16,58.22,21.15,-1800.0,11111.0,27.88,302.14,128.0,42.84,103.68
2024/1/31 1:15,1.03,58.22,21.15,-2688.66,12255.0,8.82,302.14,128.0,42.84,103.68
2024/1/31 1:30,-0.72,48.15,21.15,-1800.0,74856.0,66.56,302.14,128.0,42.84,103.68
2024/1/31 1:45,-12.51,48.15,21.15,-1800.0,27395.3,-10.8,302.14,128.0,42.84,103.68
2024/1/31 2:00,-7.76,50.23,35.27,-1800.0,13894.0,15.39,294.85,132.0,115.32,99.25
2024/1/31 2:15,106.86,50.23,35.27,-1800.0,13566.0,15.6,294.85,128.0,115.32,99.25
2024/1/31 2:30,108.94,39.04,35.27,-1800.0,13211.0,43.43,294.85,128.0,115.32,99.25
2024/1/31 2:45,112.08,39.04,35.27,-1800.0,12655.0,52.47,294.85,132.0,115.32,99.25
2024/1/31 3:00,112.39,37.78,46.13,-1800.0,13119.0,109.91,294.85,132.0,26.09,97.75
2024/1/31 3:15,111.89,37.78,46.13,-1800.0,13335.0,111.06,294.85,132.0,26.09,97.75
2024/1/31 3:30,112.11,47.17,46.13,-1800.0,14393.0,110.31,294.85,132.0,26.09,97.75
2024/1/31 3:45,115.84,47.17,46.13,-1800.0,13694.5,85.34,294.85,132.0,26.09,97.75
2024/1/31 4:00,3.35,32.06,42.75,-1800.0,13306.1,0.57,318.61,-5.0,0.0,99.86
2024/1/31 4:15,5.32,32.06,42.75,-1800.0,9372.9,5.16,318.61,128.0,0.0,99.86
2024/1/31 4:30,6.88,31.19,42.75,-1800.0,68999.0,18.87,318.61,128.0,0.0,99.86
2024/1/31 4:45,20.41,31.19,42.75,-1800.0,72466.81,17.63,318.61,128.0,0.0,99.86
2024/1/31 5:00,100.4,42.15,23.25,-1800.0,13038.57,14.4,318.61,-5.0,109.45,108.72
2024/1/31 5:15,107.32,42.15,23.25,-1800.0,71196.55,16.72,318.61,-5.0,109.45,108.72
2024/1/31 5:30,106.13,63.48,23.25,3500.0,69761.26,57.28,318.61,128.0,109.45,108.72
2024/1/31 5:45,124.98,63.48,23.25,3500.0,70265.64,0.41,318.61,-5.0,109.45,46.6
2024/1/31 6:00,107.39,99.7,28.22,-2346.6,70025.65,1.11,290.96,-5.0,203.55,124.82
2024/1/31 6:15,106.91,99.7,28.22,3500.0,92315.94,77.23,290.96,-5.0,203.55,124.82
2024/1/31 6:30,108.59,98.32,28.22,1931.23,99160.1,102.06,290.96,132.0,203.55,124.82
2024/1/31 6:45,130.12,98.32,28.22,1124.74,105480.3,114.65,290.96,132.0,203.55,118.43
2024/1/31 7:00,112.04,139.85,48.15,1752.66,84905.76,90.23,443.99,-1.0,214.8,67.06
2024/1/31 7:15,165.89,139.85,48.15,1283.34,72398.99,104.9,443.99,148.87,214.8,67.06
2024/1/31 7:30,280.24,133.21,48.15,1367.84,13637.22,137.07,443.99,148.87,214.8,67.06
2024/1/31 7:45,555.26,133.21,48.15,-1267.03,14130.37,220.19,443.99,148.87,214.8,156.46
2024/1/31 8:00,821.94,202.46,56.72,-1800.0,9320.96,157.86,463.25,179.07,157.21,74.42
2024/1/31 8:15,468.56,202.46,56.72,-1800.0,98402.2,191.95,463.25,154.0,157.21,173.64
2024/1/31 8:30,237.94,192.17,56.72,-1800.0,4231.91,172.81,463.25,179.07,157.21,173.64
2024/1/31 8:45,192.88,192.17,56.72,-1800.0,5676.57,83.49,463.25,-1.0,157.21,74.42
2024/1/31 9:00,67.76,135.12,49.68,-1580.31,6362.97,74.87,443.99,132.0,136.14,130.96
2024/1/31 9:15,55.07,135.12,49.68,-1005.3,9741.22,52.21,443.99,128.0,136.14,56.12
2024/1/31 9:30,121.12,130.22,49.68,-843.27,10941.1,48.63,443.99,132.0,136.14,56.12
2024/1/31 9:45,110.4,130.22,49.68,-734.44,10893.61,87.25,443.99,132.0,136.14,56.12
2024/1/31 10:00,132.41,102.66,21.22,-775.71,11687.0,119.45,443.99,132.0,127.24,49.79
2024/1/31 10:15,116.9,102.66,21.22,-785.86,13101.23,-91.3,443.99,128.0,127.24,116.17
2024/1/31 10:30,117.57,21.11,21.22,-1168.9,13952.18,-182.95,443.99,132.0,127.24,49.79
2024/1/31 10:45,36.79,21.11,21.22,-967.38,14754.19,73.41,443.99,-5.0,127.24,49.79
2024/1/31 11:00,-17.8,39.9,31.71,-661.46,81892.61,-2.84,457.16,132.0,252.28,107.93
2024/1/31 11:15,25.98,39.9,31.71,-692.65,81588.13,30.27,457.16,128.0,252.28,107.93
2024/1/31 11:30,93.5,40.05,31.71,-393.12,83531.29,74.13,457.16,128.0,252.28,46.25
2024/1/31 11:45,111.04,40.05,31.71,-110.73,81588.6,60.95,457.16,128.0,252.28,46.25
2024/1/31 12:00,113.37,99.81,46.49,-348.94,81551.44,68.02,427.79,0.0,121.54,44.95
2024/1/31 12:15,120.91,99.81,46.49,-914.75,13172.41,37.56,427.79,-1.5,121.54,44.95
2024/1/31 12:30,140.48,12.44,46.49,-1448.73,13191.2,72.57,427.79,132.0,121.54,44.95
2024/1/31 12:45,262.04,12.44,46.49,-937.21,14871.52,83.34,427.79,128.0,121.54,44.95
2024/1/31 13:00,137.39,-9.98,59.94,-800.99,13623.94,93.85,443.99,128.0,31.96,99.82
2024/1/31 13:15,119.56,-9.98,59.94,-879.28,15293.77,91.86,443.99,128.0,31.96,99.82
2024/1/31 13:30,128.67,-101.65,59.94,-976.94,15294.1,89.42,443.99,-5.0,31.96,99.82
2024/1/31 13:45,-17.68,-101.65,59.94,-1399.53,81545.61,88.54,443.99,132.0,31.96,42.78
2024/1/31 14:00,-7.44,-82.57,39.25,-895.67,79524.15,87.28,470.0,132.0,32.17,112.56
2024/1/31 14:15,110.54,-82.57,39.25,-775.03,79353.7,89.08,470.0,128.0,32.17,112.56
2024/1/31 14:30,110.89,3.55,39.25,-484.6,77461.36,97.26,470.0,128.0,32.17,112.56
2024/1/31 14:45,19.74,3.55,39.25,-636.23,79487.66,102.89,470.0,132.0,32.17,112.56
2024/1/31 15:00,103.0,37.55,14.13,-408.08,77690.02,83.49,470.0,132.0,29.74,122.33
2024/1/31 15:15,1.13,37.55,14.13,-2954.23,76267.18,92.69,470.0,132.0,29.74,122.33
2024/1/31 15:30,45.15,28.16,14.13,-30.95,77720.63,107.4,470.0,132.0,29.74,122.33
2024/1/31 15:45,52.43,28.16,14.13,3500.0,77817.42,109.23,470.0,132.0,29.74,122.33
2024/1/31 16:00,44.06,106.97,11.18,-612.39,15218.31,91.23,470.6,147.96,30.31,147.2
2024/1/31 16:15,68.58,106.97,11.18,-1940.38,76704.24,95.21,470.6,157.96,30.31,147.2
2024/1/31 16:30,55.32,98.95,11.18,3765.94,75126.0,104.74,470.6,157.96,30.31,147.2
2024/1/31 16:45,36.46,98.95,11.18,3500.0,73383.34,103.87,470.6,157.96,30.31,147.2
2024/1/31 17:00,33.44,82.43,24.1,3500.0,71161.87,99.56,471.25,182.0,1.21,67.07
2024/1/31 17:15,51.75,82.43,24.1,3081.46,72058.94,100.71,471.25,176.0,1.21,156.51
2024/1/31 17:30,109.19,132.07,24.1,1954.41,72947.0,108.89,471.25,182.0,1.21,154.17
2024/1/31 17:45,52.4,132.07,24.1,1596.8,72984.77,110.09,471.25,-1.5,1.21,149.59
2024/1/31 18:00,114.63,120.95,27.39,1875.65,74155.58,131.3,471.8,176.0,61.28,151.15
2024/1/31 18:15,57.55,120.95,27.39,2618.84,73320.14,98.98,471.8,176.0,61.28,149.54
2024/1/31 18:30,46.95,87.17,27.39,3000.14,74199.73,101.12,471.8,176.0,61.28,150.49
2024/1/31 18:45,36.1,87.17,27.39,3500.0,72412.58,106.5,471.8,-1.5,61.28,150.31
2024/1/31 19:00,118.83,85.62,72.25,3500.0,76131.85,29.13,471.8,154.14,168.97,151.45
2024/1/31 19:15,108.47,85.62,72.25,3500.0,74608.81,10.47,471.8,154.14,168.97,151.21
2024/1/31 19:30,108.09,37.17,72.25,-1800.0,73616.73,65.37,471.8,154.14,168.97,151.11
2024/1/31 19:45,107.15,37.17,72.25,-1265.21,72356.31,77.28,471.8,154.14,168.97,149.98
2024/1/31 20:00,163.21,81.93,67.95,3500.0,17771.0,87.61,457.16,138.46,154.29,144.2
2024/1/31 20:15,231.42,81.93,67.95,3711.17,15253.0,98.43,457.16,138.46,154.29,144.2
2024/1/31 20:30,136.94,34.09,67.95,412.79,11046.46,76.59,457.16,-2.9,154.29,61.8
2024/1/31 20:45,-24.23,34.09,67.95,-580.08,9533.13,60.51,457.16,-5.0,154.29,61.8
2024/1/31 21:00,-7.57,104.05,29.13,3500.0,78083.83,100.79,338.09,163.74,144.99,131.03
2024/1/31 21:15,-0.93,104.05,29.13,3500.0,17778.55,103.61,338.09,163.74,144.99,131.03
2024/1/31 21:30,99.33,28.72,29.13,3500.0,17493.69,80.21,338.09,139.0,144.99,56.15
2024/1/31 21:45,-34.4,28.72,29.13,3133.98,13161.17,51.13,338.09,163.74,144.99,56.15
2024/1/31 22:00,99.71,41.52,18.54,3500.0,76561.8,96.44,338.08,170.36,140.64,55.15
2024/1/31 22:15,-14.22,41.52,18.54,3500.0,77154.12,95.71,338.08,170.36,140.64,55.15
2024/1/31 22:30,97.7,54.64,18.54,3500.0,40126.38,76.16,338.08,-2.9,140.64,55.15
2024/1/31 22:45,97.21,54.64,18.54,2975.98,13727.56,-21.04,338.08,-5.0,140.64,55.15
2024/1/31 23:00,101.42,59.8,15.69,3500.0,73591.29,31.77,318.61,153.45,132.49,111.23
2024/1/31 23:15,-42.15,59.8,15.69,3500.0,72966.42,-36.51,318.61,134.0,132.49,47.67
2024/1/31 23:30,-75.26,59.72,15.69,3500.0,35412.88,-70.77,318.61,134.0,132.49,47.67
2024/1/31 23:45,-76.8,59.72,15.69,3500.0,73310.93,-73.18,318.61,-5.0,132.49,47.67
2024/2/1 0:00,103.08,65.87,10.26,3500.0,105090.77,99.58,284.19,-5.0,111.07,49.52
2024/2/1 0:15,102.32,65.87,10.26,3500.0,70991.5,104.54,284.19,-1.25,111.07,49.52
2024/2/1 0:30,88.6,1.8,10.26,3500.0,13184.58,35.85,284.19,-1.25,111.07,49.52
2024/2/1 0:45,88.92,1.8,10.26,3500.0,14831.94,24.83,284.19,-5.0,111.07,49.52
2024/2/1 1:00,97.27,-22.15,27.65,3500.0,14968.42,88.92,250.03,-5.0,129.28,48.09
2024/2/1 1:15,96.19,-22.15,27.65,3500.0,15045.0,100.0,250.03,0.0,129.28,48.09
2024/2/1 1:30,96.96,-74.42,27.65,3500.0,12586.58,41.15,250.03,0.0,129.28,48.09
2024/2/1 1:45,88.92,-74.42,27.65,3500.0,15023.21,11.7,250.03,-5.0,129.28,48.09
2024/2/1 2:00,-49.01,16.06,60.67,3500.0,11247.0,-46.75,246.13,132.0,157.43,44.56
2024/2/1 2:15,-73.28,16.06,60.67,3500.0,16004.0,-75.17,246.13,-1.25,157.43,44.56
2024/2/1 2:30,-69.15,5.72,60.67,3500.0,10441.11,-82.33,246.13,128.0,157.43,44.56
2024/2/1 2:45,-72.44,5.72,60.67,3500.0,12525.71,62.34,246.13,132.0,157.43,44.56
2024/2/1 3:00,-96.7,76.07,57.57,3500.0,14812.59,-100.12,246.13,128.0,42.8,41.61
2024/2/1 3:15,-68.16,76.07,57.57,3500.0,14285.18,47.88,246.13,129.0,42.8,41.61
2024/2/1 3:30,-71.46,27.27,57.57,3500.0,14623.54,50.72,246.13,129.0,42.8,41.61
2024/2/1 3:45,-72.08,27.27,57.57,3500.0,13914.7,56.12,246.13,132.0,42.8,41.61
2024/2/1 4:00,-43.98,0.25,53.56,3500.0,13252.46,18.97,246.13,-5.0,99.54,46.69
2024/2/1 4:15,-3.84,0.25,53.56,3500.0,13394.06,-70.27,246.13,-1.25,99.54,46.69
2024/2/1 4:30,98.48,20.62,53.56,3500.0,13905.55,-17.7,246.13,134.42,99.54,46.69
2024/2/1 4:45,97.58,20.62,53.56,3500.0,14829.18,33.72,246.13,134.42,99.54,46.69
2024/2/1 5:00,-114.65,13.42,19.65,-1800.0,13923.06,-142.89,250.03,-5.0,100.4,54.83
2024/2/1 5:15,91.98,13.42,19.65,3500.0,14319.01,45.18,250.03,-5.0,100.4,54.83
2024/2/1 5:30,101.18,71.3,19.65,3500.0,14453.6,3.0,250.03,-0.5,100.4,54.83
2024/2/1 5:45,98.58,71.3,19.65,3500.0,70049.67,-10.28,250.03,-5.0,100.4,54.83
2024/2/1 6:00,-118.22,43.52,18.92,3500.0,14147.33,62.1,347.11,-5.0,135.37,58.69
2024/2/1 6:15,102.8,43.52,18.92,1319.84,12613.57,34.21,347.11,-5.0,135.37,58.69
2024/2/1 6:30,103.56,31.79,18.92,1330.67,72141.34,98.81,347.11,-0.5,135.37,136.95
2024/2/1 6:45,100.38,31.79,18.92,1814.1,75485.37,27.35,347.11,152.41,135.37,136.95
2024/2/1 7:00,104.93,15.65,21.09,1796.27,71196.49,98.26,347.11,-0.5,187.22,66.61
2024/2/1 7:15,102.9,15.65,21.09,1167.07,72500.0,103.86,347.11,-0.5,187.22,66.61
2024/2/1 7:30,101.93,10.09,21.09,2018.15,14863.0,101.49,347.11,-0.5,187.22,155.43
2024/2/1 7:45,100.43,10.09,21.09,-4620.82,14578.0,40.02,347.11,178.52,187.22,155.43
2024/2/1 8:00,103.3,7.97,59.54,-1726.63,14467.06,3.5,347.11,151.21,173.55,60.5
2024/2/1 8:15,102.48,7.97,59.54,-2317.35,14485.86,59.18,347.11,145.71,173.55,60.5
2024/2/1 8:30,104.21,15.13,59.54,-2123.46,14874.71,73.55,347.11,145.0,173.55,60.5
2024/2/1 8:45,102.06,15.13,59.54,-515.11,71413.0,63.3,347.11,0.0,173.55,60.5
2024/2/1 9:00,118.54,128.17,13.7,-1838.86,74861.9,84.63,347.11,132.0,141.24,124.33
2024/2/1 9:15,106.45,128.17,13.7,-1379.67,72582.21,79.53,347.11,-1.9,141.24,124.33
2024/2/1 9:30,30.33,74.3,13.7,-576.23,75109.26,94.41,347.11,0.0,141.24,53.29
2024/2/1 9:45,29.76,74.3,13.7,-916.66,14484.94,91.8,347.11,-1.9,141.24,53.29
2024/2/1 10:00,32.87,78.71,10.4,-6.15,74861.47,113.81,347.11,-5.0,31.88,120.58
2024/2/1 10:15,29.32,78.71,10.4,-3066.41,10032.52,92.86,347.11,-5.0,31.88,51.68
2024/2/1 10:30,23.05,202.36,10.4,-1824.73,10184.83,85.29,347.11,-5.0,31.88,51.68
2024/2/1 10:45,18.66,202.36,10.4,-956.62,12642.23,20.56,347.11,-1.9,31.88,51.68
2024/2/1 11:00,44.84,207.67,6.47,-40.4,12943.69,61.11,347.11,132.0,56.91,113.75
2024/2/1 11:15,49.86,207.67,6.47,-3544.56,3473.01,100.51,347.11,132.0,56.91,113.75
2024/2/1 11:30,44.83,192.51,6.47,-3.02,13966.06,60.55,347.11,132.0,56.91,113.75
2024/2/1 11:45,47.84,192.51,6.47,-1.22,12946.86,96.39,347.11,132.0,56.91,113.75
2024/2/1 12:00,100.96,106.42,14.44,-3145.09,12109.02,25.69,347.11,132.0,25.42,108.98
2024/2/1 12:15,25.2,106.42,14.44,-1292.05,12171.09,41.89,347.11,132.0,25.42,108.98
2024/2/1 12:30,37.77,88.9,14.44,-2272.91,73336.14,38.77,347.11,126.5,25.42,108.98
2024/2/1 12:45,29.43,88.9,14.44,-4651.09,79852.03,14.86,347.11,132.0,25.42,108.98
2024/2/1 13:00,50.64,95.44,34.14,-58.44,73124.9,81.47,347.11,132.0,38.59,110.95
2024/2/1 13:15,19.05,95.44,34.14,-181.76,72124.71,76.45,347.11,132.0,38.59,110.95
2024/2/1 13:30,100.88,97.76,34.14,3500.0,72318.32,77.91,347.11,132.0,38.59,110.95
2024/2/1 13:45,-17.79,97.76,34.14,3500.0,96373.42,55.85,347.11,126.5,38.59,110.95
2024/2/1 14:00,9.85,104.48,46.13,-111.1,88450.05,73.5,347.11,132.0,57.34,115.86
2024/2/1 14:15,-6.53,104.48,46.13,-24.23,73632.7,91.73,347.11,132.0,57.34,115.86
2024/2/1 14:30,19.12,-28.47,46.13,3500.0,73051.39,96.47,347.11,126.5,57.34,115.86
2024/2/1 14:45,100.0,-28.47,46.13,3500.0,73787.38,104.95,347.11,126.5,57.34,115.86
2024/2/1 15:00,17.26,92.91,31.93,-1800.0,9743.29,62.24,347.11,-5.0,148.17,129.42
2024/2/1 15:15,100.9,92.91,31.93,3500.0,10623.12,96.87,347.11,-0.5,148.17,129.42
2024/2/1 15:30,100.93,85.5,31.93,3500.0,12000.0,107.89,347.11,134.59,148.17,129.42
2024/2/1 15:45,108.96,85.5,31.93,3500.0,12455.0,116.51,347.11,0.0,148.17,129.42
2024/2/1 16:00,106.74,84.69,10.18,-1800.0,12197.6,80.04,347.12,132.0,158.34,128.45
2024/2/1 16:15,100.0,84.69,10.18,-1800.0,12399.29,90.71,347.12,118.9,158.34,128.45
2024/2/1 16:30,14.16,85.22,10.18,3500.0,13999.48,99.69,347.12,132.0,158.34,128.45
2024/2/1 16:45,-67.52,85.22,10.18,3500.0,71179.0,111.01,347.12,132.0,158.34,128.45
2024/2/1 17:00,133.42,15.31,-1.53,3500.0,74443.79,96.39,347.13,147.28,0.0,62.36
2024/2/1 17:15,131.45,15.31,-1.53,3500.0,75394.6,131.49,347.13,147.28,0.0,145.52
2024/2/1 17:30,136.97,130.27,-1.53,-1800.0,73623.54,135.43,347.13,0.0,0.0,145.52
2024/2/1 17:45,61.33,130.27,-1.53,-1800.0,74616.22,159.98,347.13,0.0,0.0,145.52
2024/2/1 18:00,77.65,103.09,48.23,-1800.0,73604.04,79.65,347.13,132.0,44.47,72.24
2024/2/1 18:15,55.13,103.09,48.23,-1800.0,55244.24,81.8,347.13,126.5,44.47,72.24
2024/2/1 18:30,45.13,105.36,48.23,-1800.0,73043.46,100.28,347.13,132.0,44.47,72.24
2024/2/1 18:45,40.11,105.36,48.23,-208.91,73050.42,96.6,347.13,132.0,44.47,72.24
2024/2/1 19:00,118.75,69.58,66.78,-2264.37,74171.22,154.28,367.92,159.0,241.35,66.57
2024/2/1 19:15,121.9,69.58,66.78,-2823.97,73156.12,115.72,367.92,0.0,241.35,66.57
2024/2/1 19:30,117.71,9.82,66.78,3500.0,14529.0,99.87,367.92,159.0,241.35,66.57
2024/2/1 19:45,100.0,9.82,66.78,-1800.0,12647.1,89.16,367.92,-1.0,241.35,66.57
2024/2/1 20:00,108.62,17.36,93.78,-1800.0,13158.45,121.68,347.12,134.51,222.9,58.93
2024/2/1 20:15,105.88,17.36,93.78,-1800.0,14588.17,94.33,347.12,134.51,222.9,58.93
2024/2/1 20:30,34.01,-3.05,93.78,-1800.0,14586.96,85.51,347.12,-1.0,222.9,58.93
2024/2/1 20:45,35.83,-3.05,93.78,-2227.3,14583.48,83.3,347.12,-1.0,222.9,58.93
2024/2/1 21:00,31.32,88.66,35.43,3500.0,14584.45,104.03,347.11,132.0,139.12,53.83
2024/2/1 21:15,18.65,88.66,35.43,-1800.0,12002.46,100.49,347.11,118.9,139.12,53.83
2024/2/1 21:30,114.33,17.04,35.43,3500.0,14566.41,89.06,347.11,132.0,139.12,53.83
2024/2/1 21:45,107.19,17.04,35.43,-2523.8,14666.83,19.37,347.11,126.5,139.12,53.83
2024/2/1 22:00,112.92,34.22,36.86,3500.0,75078.59,70.57,331.14,132.0,151.51,51.82
2024/2/1 22:15,112.41,34.22,36.86,3500.0,14166.25,15.38,331.14,132.0,151.51,51.82
2024/2/1 22:30,7.7,-41.31,36.86,863.87,14599.2,10.26,331.14,132.0,151.51,57.37
2024/2/1 22:45,11.47,-41.31,36.86,1341.78,14639.34,16.72,331.14,132.0,151.51,57.01
2024/2/1 23:00,46.94,-8.77,48.3,2259.53,70000.15,213.61,322.89,132.0,16.94,110.59
2024/2/1 23:15,12.1,-8.77,48.3,2557.35,10146.74,93.34,322.89,126.5,16.94,110.59
2024/2/1 23:30,22.03,4.45,48.3,-1800.0,11724.53,58.11,322.89,126.5,16.94,110.59
2024/2/1 23:45,89.0,4.45,48.3,-1800.0,14179.04,45.41,322.89,132.0,16.94,47.39
2024/2/2 0:00,,4.45,,,,,,,,
2024/2/2 0:15,,4.45,,,,,,,,
